{
  "old_formal_best_val": 0.026165239261723656,
  "new_notebooklike_best_val": 0.01013091469389598,
  "notebook_experiment_best_val": 0.002586,
  "old_formal_rmse": [
    0.54685598556949,
    0.0032292917289658747,
    0.00138106632717379,
    2.5729830257654456
  ],
  "new_notebooklike_rmse": [
    0.2937566851447631,
    0.0018389384772660626,
    0.0011689461005485817,
    2.164806350579005
  ],
  "notebook_experiment_rmse": [
    0.278672,
    0.002024,
    0.001486,
    1.653929
  ]
}