{
  "checkpoint": "C:\\Users\\Lanto\\Desktop\\AI_ML R-SIDIS\\SHMS_Calibration_NN\\checkpoints\\stage2_transport_fullroot_25521_mech25x16p4_tol3_general_cuda\\best_finetune.pth",
  "checkpoint_epoch": 22,
  "checkpoint_val_loss": 0.03042261794978114,
  "scaler_bundle": "C:\\Users\\Lanto\\Desktop\\AI_ML R-SIDIS\\SHMS_Calibration_NN\\checkpoints\\pretrain_25521_fry_cuda_5d_notebooklike\\scaler_bundle.json",
  "data": "C:\\Users\\Lanto\\Desktop\\AI_ML R-SIDIS\\SHMS_Calibration_NN\\dataset\\stage2_25521_labeled_mech25x16p4_tol3.csv",
  "device": "cuda",
  "dataset_summary": {
    "raw_events": 105223,
    "kept_events": 105223,
    "cutflow": {
      "raw": 105223,
      "finite": 105223,
      "pid": 105223,
      "quality": 105223
    }
  },
  "focus_foil": 1,
  "summaries": [
    {
      "slice": "all",
      "n_events": 105223,
      "center_mean": 1.3275614646987826,
      "center_std": 7.9471880322700486,
      "tol_mean": 0.0,
      "tol_std": 0.0,
      "nn_mean": 1.7242924913492068,
      "nn_std": 7.83217882884746,
      "nn_sigma68": 1.6020177372489615,
      "nn_rmse_to_center": 1.929433516670166,
      "nn_mae_to_center": 1.398297964498172,
      "nn_bias_to_center": 0.3967310266504243,
      "nn_within_tol": 0.0,
      "root_mean": -1.713549092789429,
      "root_std": 8.06829961142192,
      "root_sigma68": 19.908932814584787,
      "root_rmse_to_center": 16.20339472987493,
      "root_mae_to_center": 13.435095511416023,
      "root_bias_to_center": -3.0411105574882122,
      "root_within_tol": 0.0,
      "rmse_improvement_pct": 88.09241181347768,
      "sigma68_improvement_pct": 91.95327166870862
    },
    {
      "slice": "foil0",
      "n_events": 27171,
      "center_mean": -10.0,
      "center_std": 0.0,
      "tol_mean": 0.0,
      "tol_std": 0.0,
      "nn_mean": -9.489893829968453,
      "nn_std": 1.6637907438509438,
      "nn_sigma68": 1.4644263917061278,
      "nn_rmse_to_center": 1.7402321523372477,
      "nn_mae_to_center": 1.238719751149699,
      "nn_bias_to_center": 0.5101061700315461,
      "nn_within_tol": 0.0,
      "root_mean": 9.486001005765553,
      "root_std": 1.4205693782748772,
      "root_sigma68": 1.4649083362101454,
      "root_rmse_to_center": 19.537713595894182,
      "root_mae_to_center": 19.486001005765548,
      "root_bias_to_center": 19.486001005765548,
      "root_within_tol": 0.0,
      "rmse_improvement_pct": 91.09295904151776,
      "sigma68_improvement_pct": 0.03289929424966294
    },
    {
      "slice": "foil1",
      "n_events": 36912,
      "center_mean": 0.0,
      "center_std": 0.0,
      "tol_mean": 0.0,
      "tol_std": 0.0,
      "nn_mean": 0.9966560272894318,
      "nn_std": 2.077834072596804,
      "nn_sigma68": 1.8972586912617988,
      "nn_rmse_to_center": 2.304499440220494,
      "nn_mae_to_center": 1.753401103153519,
      "nn_bias_to_center": 0.9966560272894318,
      "nn_within_tol": 0.0,
      "root_mean": -0.3784312685248123,
      "root_std": 1.6249104178580513,
      "root_sigma68": 1.636537534428107,
      "root_rmse_to_center": 1.6683956638222617,
      "root_mae_to_center": 1.3206184204492426,
      "root_bias_to_center": -0.3784312685248123,
      "root_within_tol": 0.0,
      "rmse_improvement_pct": -38.126674037316256,
      "sigma68_improvement_pct": -15.931266552025743
    },
    {
      "slice": "foil2",
      "n_events": 41140,
      "center_mean": 10.0,
      "center_std": 0.0,
      "tol_mean": 0.0,
      "tol_std": 0.0,
      "nn_mean": 9.783582080505663,
      "nn_std": 1.6460952292355389,
      "nn_sigma68": 1.3798062569862402,
      "nn_rmse_to_center": 1.6602608890142112,
      "nn_mae_to_center": 1.1850829081259109,
      "nn_bias_to_center": -0.21641791949433767,
      "nn_within_tol": 0.0,
      "root_mean": -10.308222035353673,
      "root_std": 2.1186184876207004,
      "root_sigma68": 2.006249130616059,
      "root_rmse_to_center": 20.418433498515814,
      "root_mae_to_center": 20.30822203535367,
      "root_bias_to_center": -20.30822203535367,
      "root_within_tol": 0.0,
      "rmse_improvement_pct": 91.86881359368292,
      "sigma68_improvement_pct": 31.224580440688182
    }
  ],
  "artifacts": {
    "distribution_plot": "C:\\Users\\Lanto\\Desktop\\AI_ML R-SIDIS\\SHMS_Calibration_NN\\outputs\\stage2_ytar_analysis_mech25x16p4_tol3_general_cuda\\ytar_distribution_by_foil.png",
    "focus_plot": "C:\\Users\\Lanto\\Desktop\\AI_ML R-SIDIS\\SHMS_Calibration_NN\\outputs\\stage2_ytar_analysis_mech25x16p4_tol3_general_cuda\\ytar_foil1_focus.png",
    "summary_csv": "C:\\Users\\Lanto\\Desktop\\AI_ML R-SIDIS\\SHMS_Calibration_NN\\outputs\\stage2_ytar_analysis_mech25x16p4_tol3_general_cuda\\ytar_distribution_summary.csv"
  }
}