{
  "root_file": "C:\\Users\\Lanto\\Desktop\\AI_ML R-SIDIS\\mc-single-arm\\worksim\\shms_extended_nosieve.root",
  "inp_file": "C:\\Users\\Lanto\\Desktop\\AI_ML R-SIDIS\\mc-single-arm\\infiles\\shms_extended_nosieve.inp",
  "tree_name": "h10",
  "target_mode": "all",
  "training_mode": "root-reco-correction",
  "filter_stop_id": true,
  "x_tar_mode": "zero",
  "feature_names": [
    "x_fp",
    "y_fp",
    "xp_fp",
    "yp_fp",
    "x_tar",
    "p0"
  ],
  "target_names": [
    "delta",
    "xptar",
    "yptar",
    "ytar"
  ],
  "target_truth_branches": [
    "psdeltai",
    "psxptari",
    "psyptari",
    "psztari"
  ],
  "target_reco_branches": [
    "psdelta",
    "psxptar",
    "psyptar",
    "-psztar"
  ],
  "max_events": 100000,
  "val_fraction": 0.2,
  "epochs": 60,
  "batch_size": 2048,
  "lr": 0.0008,
  "weight_decay": 0.0001,
  "prefix": "ps",
  "p0_gev": 3.0,
  "model": {
    "hidden": 192,
    "blocks": 3,
    "dropout": 0.1
  },
  "optimization": {
    "grad_clip_norm": 1.0,
    "early_stopping_patience": 12,
    "early_stopping_min_delta": 0.0001,
    "scheduler_patience": 4,
    "scheduler_factor": 0.5,
    "min_lr": 1e-05,
    "target_loss_weights": {
      "delta": 1.0,
      "xptar": 1.0,
      "yptar": 1.0,
      "ytar": 0.4000000059604645
    }
  },
  "events": {
    "all": 1864466,
    "after_filter": 100000
  },
  "metrics": {
    "n_train": 80000,
    "n_val": 20000,
    "best_epoch": 60,
    "best_val_loss": 0.20237304270267487,
    "best_val_loss_per_target": [
      0.176863893866539,
      0.1974392980337143,
      0.3249964714050293,
      0.27548128366470337
    ],
    "baseline_rmse": [
      0.31672176718711853,
      0.0023002629168331623,
      0.0015437505207955837,
      2.006159543991089
    ],
    "baseline_mae": [
      0.1473662555217743,
      0.0011910701869055629,
      0.0010478365002200007,
      1.4434367418289185
    ],
    "baseline_bias": [
      -0.017970813438296318,
      -9.04836124391295e-05,
      -5.8999259636038914e-05,
      0.47051605582237244
    ],
    "baseline_resid_std": [
      0.316211462020874,
      0.0022984822280704975,
      0.001542620942927897,
      1.950203537940979
    ],
    "baseline_rel_rmse": [
      0.025507686659693718,
      0.11583076417446136,
      0.09671100229024887,
      0.16050438582897186
    ],
    "baseline_rel_mae": [
      0.011868373490869999,
      0.05997686833143234,
      0.06564358621835709,
      0.11548329889774323
    ],
    "rmse": [
      0.2632950246334076,
      0.0019808881916105747,
      0.0014452035538852215,
      1.6289218664169312
    ],
    "mae": [
      0.12208182364702225,
      0.0010515854228287935,
      0.0009990301914513111,
      1.1789909601211548
    ],
    "bias": [
      -0.00967033114284277,
      -3.5118911910103634e-05,
      -3.374231528141536e-05,
      -0.06150144711136818
    ],
    "resid_std": [
      0.2631171643733978,
      0.001980583881959319,
      0.0014448091387748718,
      1.6277588605880737
    ],
    "rel_rmse": [
      0.021204879507422447,
      0.09974850714206696,
      0.09053735435009003,
      0.13032318651676178
    ],
    "rel_mae": [
      0.009832052513957024,
      0.052953049540519714,
      0.06258603185415268,
      0.09432610869407654
    ],
    "correction_rmse": [
      0.2632950246334076,
      0.0019808881916105747,
      0.0014452035538852215,
      1.6289217472076416
    ],
    "correction_mae": [
      0.12208186089992523,
      0.0010515851899981499,
      0.0009990301914513111,
      1.1789909601211548
    ],
    "rmse_improvement_pct": [
      16.868667602539062,
      13.884270668029785,
      6.383606910705566,
      18.803970336914062
    ],
    "mae_improvement_pct": [
      17.15754508972168,
      11.71087646484375,
      4.657817363739014,
      18.320566177368164
    ]
  },
  "ytar_feature_diag": [
    {
      "source": "y_fp",
      "group": "feature",
      "corr_with_ytar": 0.5564958189863586,
      "corr_with_nonlinear_part": 0.0819293041090389,
      "abs_corr_with_nonlinear": 0.0819293041090389
    },
    {
      "source": "yp_fp",
      "group": "feature",
      "corr_with_ytar": 0.2783593213241242,
      "corr_with_nonlinear_part": 0.06756214327714928,
      "abs_corr_with_nonlinear": 0.06756214327714928
    },
    {
      "source": "xp_fp",
      "group": "feature",
      "corr_with_ytar": 0.06808921754928889,
      "corr_with_nonlinear_part": -0.05805412636320773,
      "abs_corr_with_nonlinear": 0.05805412636320773
    },
    {
      "source": "x_fp",
      "group": "feature",
      "corr_with_ytar": 0.05397823628462132,
      "corr_with_nonlinear_part": -0.0523647315278275,
      "abs_corr_with_nonlinear": 0.0523647315278275
    },
    {
      "source": "yptar",
      "group": "truth_target",
      "corr_with_ytar": 0.7282368589488531,
      "corr_with_nonlinear_part": 0.05163110024449567,
      "abs_corr_with_nonlinear": 0.05163110024449567
    },
    {
      "source": "delta",
      "group": "truth_target",
      "corr_with_ytar": 0.0645880467440525,
      "corr_with_nonlinear_part": -0.04139932877156692,
      "abs_corr_with_nonlinear": 0.04139932877156692
    },
    {
      "source": "xptar",
      "group": "truth_target",
      "corr_with_ytar": -0.0377223893290501,
      "corr_with_nonlinear_part": 0.03564746316205423,
      "abs_corr_with_nonlinear": 0.03564746316205423
    },
    {
      "source": "x_tar",
      "group": "feature",
      "corr_with_ytar": NaN,
      "corr_with_nonlinear_part": NaN,
      "abs_corr_with_nonlinear": NaN
    },
    {
      "source": "p0",
      "group": "feature",
      "corr_with_ytar": NaN,
      "corr_with_nonlinear_part": NaN,
      "abs_corr_with_nonlinear": NaN
    }
  ],
  "ytar_probe": null
}