{
  "baseline_checkpoint": "C:\\Users\\Lanto\\Desktop\\AI_ML R-SIDIS\\SHMS_Calibration_NN\\checkpoints\\stage2_transport_fullroot_25521_mech25x16p4_tol3_general_cuda\\best_finetune.pth",
  "candidate_checkpoint": "C:\\Users\\Lanto\\Desktop\\AI_ML R-SIDIS\\SHMS_Calibration_NN\\checkpoints\\stage2_transport_fullroot_25521_mech25x16p4_tol3_corrected_ytar_general_cuda\\best_finetune.pth",
  "baseline_val_loss": 0.03042261794978114,
  "candidate_val_loss": 0.03271363094920558,
  "focus_slice": {
    "slice": "foil1",
    "nn_sigma68_baseline": 1.8972586912617988,
    "nn_sigma68_candidate": 2.0343638038284473,
    "nn_sigma68_delta": 0.13710511256664848,
    "nn_rmse_baseline": 2.304499440220494,
    "nn_rmse_candidate": 2.5841611209313893,
    "nn_rmse_delta": 0.27966168071089514,
    "rmse_improvement_pct_baseline": -38.126674037316256,
    "rmse_improvement_pct_candidate": -54.88898568647241
  },
  "delta_rows": [
    {
      "slice": "all",
      "n_events_baseline": 105223,
      "nn_sigma68_baseline": 1.6020177372489615,
      "nn_rmse_to_center_baseline": 1.929433516670166,
      "nn_mae_to_center_baseline": 1.398297964498172,
      "nn_bias_to_center_baseline": 0.3967310266504243,
      "root_sigma68_baseline": 19.908932814584787,
      "root_rmse_to_center_baseline": 16.20339472987493,
      "root_mae_to_center_baseline": 13.435095511416023,
      "root_bias_to_center_baseline": -3.0411105574882122,
      "rmse_improvement_pct_baseline": 88.09241181347768,
      "sigma68_improvement_pct_baseline": 91.95327166870862,
      "n_events_candidate": 105223,
      "nn_sigma68_candidate": 1.5783485484198945,
      "nn_rmse_to_center_candidate": 2.0568276229996965,
      "nn_mae_to_center_candidate": 1.4212867431239569,
      "nn_bias_to_center_candidate": -0.45939215617263407,
      "root_sigma68_candidate": 1.701747649277804,
      "root_rmse_to_center_candidate": 1.832444154571017,
      "root_mae_to_center_candidate": 1.4104286095859206,
      "root_bias_to_center_candidate": -0.38598762809064635,
      "rmse_improvement_pct_candidate": -12.24503720175901,
      "sigma68_improvement_pct_candidate": 7.251316075581378,
      "n_events_delta": 0,
      "nn_sigma68_delta": -0.02366918882906699,
      "nn_rmse_to_center_delta": 0.12739410632953052,
      "nn_mae_to_center_delta": 0.022988778625784967,
      "nn_bias_to_center_delta": -0.8561231828230584,
      "root_sigma68_delta": -18.20718516530698,
      "root_rmse_to_center_delta": -14.370950575303912,
      "root_mae_to_center_delta": -12.024666901830102,
      "root_bias_to_center_delta": 2.655122929397566,
      "rmse_improvement_pct_delta": -100.33744901523669,
      "sigma68_improvement_pct_delta": -84.70195559312725
    },
    {
      "slice": "foil0",
      "n_events_baseline": 27171,
      "nn_sigma68_baseline": 1.4644263917061278,
      "nn_rmse_to_center_baseline": 1.7402321523372477,
      "nn_mae_to_center_baseline": 1.238719751149699,
      "nn_bias_to_center_baseline": 0.5101061700315461,
      "root_sigma68_baseline": 1.4649083362101454,
      "root_rmse_to_center_baseline": 19.537713595894182,
      "root_mae_to_center_baseline": 19.486001005765548,
      "root_bias_to_center_baseline": 19.486001005765548,
      "rmse_improvement_pct_baseline": 91.09295904151776,
      "sigma68_improvement_pct_baseline": 0.03289929424966294,
      "n_events_candidate": 27171,
      "nn_sigma68_candidate": 1.5055373245162338,
      "nn_rmse_to_center_candidate": 1.8735143610484464,
      "nn_mae_to_center_candidate": 1.2938736073165054,
      "nn_bias_to_center_candidate": -0.4305645789021035,
      "root_sigma68_candidate": 1.4649083362101443,
      "root_rmse_to_center_candidate": 1.5106992833010462,
      "root_mae_to_center_candidate": 1.1816142729025654,
      "root_bias_to_center_candidate": -0.5139989942344478,
      "rmse_improvement_pct_candidate": -24.016366576583586,
      "sigma68_improvement_pct_candidate": -2.773483316451085,
      "n_events_delta": 0,
      "nn_sigma68_delta": 0.04111093281010603,
      "nn_rmse_to_center_delta": 0.13328220871119867,
      "nn_mae_to_center_delta": 0.05515385616680635,
      "nn_bias_to_center_delta": -0.9406707489336497,
      "root_sigma68_delta": -1.1102230246251565e-15,
      "root_rmse_to_center_delta": -18.027014312593135,
      "root_mae_to_center_delta": -18.304386732862984,
      "root_bias_to_center_delta": -19.999999999999996,
      "rmse_improvement_pct_delta": -115.10932561810134,
      "sigma68_improvement_pct_delta": -2.806382610700748
    },
    {
      "slice": "foil1",
      "n_events_baseline": 36912,
      "nn_sigma68_baseline": 1.8972586912617988,
      "nn_rmse_to_center_baseline": 2.304499440220494,
      "nn_mae_to_center_baseline": 1.753401103153519,
      "nn_bias_to_center_baseline": 0.9966560272894318,
      "root_sigma68_baseline": 1.636537534428107,
      "root_rmse_to_center_baseline": 1.6683956638222617,
      "root_mae_to_center_baseline": 1.3206184204492426,
      "root_bias_to_center_baseline": -0.3784312685248123,
      "rmse_improvement_pct_baseline": -38.126674037316256,
      "sigma68_improvement_pct_baseline": -15.931266552025743,
      "n_events_candidate": 36912,
      "nn_sigma68_candidate": 2.0343638038284473,
      "nn_rmse_to_center_candidate": 2.5841611209313893,
      "nn_mae_to_center_candidate": 1.918940092861593,
      "nn_bias_to_center_candidate": -1.2486492374222098,
      "root_sigma68_candidate": 1.636537534428107,
      "root_rmse_to_center_candidate": 1.6683956638222617,
      "root_mae_to_center_candidate": 1.3206184204492426,
      "root_bias_to_center_candidate": -0.3784312685248123,
      "rmse_improvement_pct_candidate": -54.88898568647241,
      "sigma68_improvement_pct_candidate": -24.309022007207545,
      "n_events_delta": 0,
      "nn_sigma68_delta": 0.13710511256664848,
      "nn_rmse_to_center_delta": 0.27966168071089514,
      "nn_mae_to_center_delta": 0.1655389897080739,
      "nn_bias_to_center_delta": -2.2453052647116416,
      "root_sigma68_delta": 0.0,
      "root_rmse_to_center_delta": 0.0,
      "root_mae_to_center_delta": 0.0,
      "root_bias_to_center_delta": 0.0,
      "rmse_improvement_pct_delta": -16.762311649156153,
      "sigma68_improvement_pct_delta": -8.377755455181802
    },
    {
      "slice": "foil2",
      "n_events_baseline": 41140,
      "nn_sigma68_baseline": 1.3798062569862402,
      "nn_rmse_to_center_baseline": 1.6602608890142112,
      "nn_mae_to_center_baseline": 1.1850829081259109,
      "nn_bias_to_center_baseline": -0.21641791949433767,
      "root_sigma68_baseline": 2.006249130616059,
      "root_rmse_to_center_baseline": 20.418433498515814,
      "root_mae_to_center_baseline": 20.30822203535367,
      "root_bias_to_center_baseline": -20.30822203535367,
      "rmse_improvement_pct_baseline": 91.86881359368292,
      "sigma68_improvement_pct_baseline": 31.224580440688182,
      "n_events_candidate": 41140,
      "nn_sigma68_candidate": 1.2217487812217063,
      "nn_rmse_to_center_candidate": 1.584472356258734,
      "nn_mae_to_center_candidate": 1.0589280136030195,
      "nn_bias_to_center_candidate": 0.22971293087322786,
      "root_sigma68_candidate": 2.006249130616059,
      "root_rmse_to_center_candidate": 2.1409215583868977,
      "root_mae_to_center_candidate": 1.6421298260039208,
      "root_bias_to_center_candidate": -0.30822203535367093,
      "rmse_improvement_pct_candidate": 25.991106490955552,
      "sigma68_improvement_pct_candidate": 39.102838098350034,
      "n_events_delta": 0,
      "nn_sigma68_delta": -0.15805747576453388,
      "nn_rmse_to_center_delta": -0.07578853275547726,
      "nn_mae_to_center_delta": -0.12615489452289141,
      "nn_bias_to_center_delta": 0.4461308503675655,
      "root_sigma68_delta": 0.0,
      "root_rmse_to_center_delta": -18.277511940128917,
      "root_mae_to_center_delta": -18.66609220934975,
      "root_bias_to_center_delta": 19.999999999999996,
      "rmse_improvement_pct_delta": -65.87770710272736,