{
  "checkpoint": "C:\\Users\\Lanto\\Desktop\\AI_ML R-SIDIS\\SHMS_Calibration_NN\\checkpoints\\stage2_transport_fullroot_25521_mech25x16p4_tol3_nearest_hole_match_sep0.02t1_noytar_delay2_allfoils_general_cuda\\best_finetune.pth",
  "checkpoint_epoch": 79,
  "checkpoint_val_loss": 0.054850261183298034,
  "scaler_bundle": "C:\\Users\\Lanto\\Desktop\\AI_ML R-SIDIS\\SHMS_Calibration_NN\\checkpoints\\pretrain_25521_fry_cuda_5d_notebooklike\\scaler_bundle.json",
  "data": "C:\\Users\\Lanto\\Desktop\\AI_ML R-SIDIS\\SHMS_Calibration_NN\\dataset\\stage2_25521_labeled_mech25x16p4_tol3.csv",
  "device": "cuda",
  "dataset_summary": {
    "raw_events": 105223,
    "kept_events": 105223,
    "cutflow": {
      "raw": 105223,
      "finite": 105223,
      "pid": 105223,
      "quality": 105223
    }
  },
  "focus_foil": 1,
  "summaries": [
    {
      "slice": "all",
      "n_events": 105223,
      "center_mean": -1.3275614646987826,
      "center_std": 7.9471880322700486,
      "tol_mean": 0.0,
      "tol_std": 0.0,
      "nn_mean": 0.5155246687325171,
      "nn_std": 7.206596074721534,
      "nn_sigma68": 3.97487417231346,
      "nn_rmse_to_center": 4.683022407873419,
      "nn_mae_to_center": 3.3467371402063506,
      "nn_bias_to_center": 1.843086133431299,
      "nn_within_tol": 0.0,
      "root_mean": -1.713549092789429,
      "root_std": 8.06829961142192,
      "root_sigma68": 1.701747649277804,
      "root_rmse_to_center": 1.832444154571017,
      "root_mae_to_center": 1.4104286095859206,
      "root_bias_to_center": -0.38598762809064635,
      "root_within_tol": 0.0,
      "rmse_improvement_pct": -155.5615349145379,
      "sigma68_improvement_pct": -133.57600487947414
    },
    {
      "slice": "foil0",
      "n_events": 27171,
      "center_mean": 10.0,
      "center_std": 0.0,
      "tol_mean": 0.0,
      "tol_std": 0.0,
      "nn_mean": 9.150523344439902,
      "nn_std": 2.64770611172001,
      "nn_sigma68": 2.3618778748799834,
      "nn_rmse_to_center": 2.780639898005685,
      "nn_mae_to_center": 2.177580359648162,
      "nn_bias_to_center": -0.8494766555600977,
      "nn_within_tol": 0.0,
      "root_mean": 9.486001005765553,
      "root_std": 1.4205693782748772,
      "root_sigma68": 1.4649083362101443,
      "root_rmse_to_center": 1.5106992833010462,
      "root_mae_to_center": 1.1816142729025654,
      "root_bias_to_center": -0.5139989942344478,
      "root_within_tol": 0.0,
      "rmse_improvement_pct": -84.06309771523006,
      "sigma68_improvement_pct": -61.230420805057584
    },
    {
      "slice": "foil1",
      "n_events": 36912,
      "center_mean": 0.0,
      "center_std": 0.0,
      "tol_mean": 0.0,
      "tol_std": 0.0,
      "nn_mean": 1.5658272812990262,
      "nn_std": 3.95193819029408,
      "nn_sigma68": 3.696697451900201,
      "nn_rmse_to_center": 4.2508388036674765,
      "nn_mae_to_center": 3.057362534947933,
      "nn_bias_to_center": 1.5658272812990262,
      "nn_within_tol": 0.0,
      "root_mean": -0.3784312685248123,
      "root_std": 1.6249104178580513,
      "root_sigma68": 1.636537534428107,
      "root_rmse_to_center": 1.6683956638222617,
      "root_mae_to_center": 1.3206184204492426,
      "root_bias_to_center": -0.3784312685248123,
      "root_within_tol": 0.0,
      "rmse_improvement_pct": -154.78601364432276,
      "sigma68_improvement_pct": -125.88528366335474
    },
    {
      "slice": "foil2",
      "n_events": 41140,
      "center_mean": -10.0,
      "center_std": 0.0,
      "tol_mean": 0.0,
      "tol_std": 0.0,
      "nn_mean": -6.12984040303949,
      "nn_std": 4.449091393386537,
      "nn_sigma68": 4.456018254321837,
      "nn_rmse_to_center": 5.896825377493528,
      "nn_mae_to_center": 4.378544488622616,
      "nn_bias_to_center": 3.870159596960509,
      "nn_within_tol": 0.0,
      "root_mean": -10.308222035353673,
      "root_std": 2.1186184876207004,
      "root_sigma68": 2.006249130616059,
      "root_rmse_to_center": 2.1409215583868977,
      "root_mae_to_center": 1.6421298260039208,
      "root_bias_to_center": -0.30822203535367093,
      "root_within_tol": 0.0,
      "rmse_improvement_pct": -175.43397628900328,
      "sigma68_improvement_pct": -122.10692512317887
    }
  ],
  "artifacts": {
    "distribution_plot": "C:\\Users\\Lanto\\Desktop\\AI_ML R-SIDIS\\SHMS_Calibration_NN\\outputs\\stage2_ytar_analysis_mech25x16p4_tol3_nearest_hole_match_sep0.02t1_noytar_delay2_allfoils_general_cuda\\ytar_distribution_by_foil.png",
    "focus_plot": "C:\\Users\\Lanto\\Desktop\\AI_ML R-SIDIS\\SHMS_Calibration_NN\\outputs\\stage2_ytar_analysis_mech25x16p4_tol3_nearest_hole_match_sep0.02t1_noytar_delay2_allfoils_general_cuda\\ytar_foil1_focus.png",
    "summary_csv": "C:\\Users\\Lanto\\Desktop\\AI_ML R-SIDIS\\SHMS_Calibration_NN\\outputs\\stage2_ytar_analysis_mech25x16p4_tol3_nearest_hole_match_sep0.02t1_noytar_delay2_allfoils_general_cuda\\ytar_distribution_summary.csv"
  }
}