{
  "baseline_checkpoint": "C:\\Users\\Lanto\\Desktop\\AI_ML R-SIDIS\\SHMS_Calibration_NN\\checkpoints\\stage2_transport_fullroot_25521_general_gpu_clean\\best_finetune.pth",
  "candidate_checkpoint": "C:\\Users\\Lanto\\Desktop\\AI_ML R-SIDIS\\SHMS_Calibration_NN\\checkpoints\\stage2_transport_fullroot_25521_mech25x16p4_tol3_general_cuda\\best_finetune.pth",
  "baseline_val_loss": 0.0046628701210363055,
  "candidate_val_loss": 0.03042261794978114,
  "focus_slice": {
    "slice": "foil1",
    "nn_sigma68_baseline": 1.9837126123227193,
    "nn_sigma68_candidate": 1.8972586912617988,
    "nn_sigma68_delta": -0.08645392106092054,
    "nn_rmse_baseline": 2.2638677231178446,
    "nn_rmse_candidate": 2.304499440220494,
    "nn_rmse_delta": 0.04063171710264957,
    "rmse_improvement_pct_baseline": -38.50077702543534,
    "rmse_improvement_pct_candidate": -38.126674037316256
  },
  "delta_rows": [
    {
      "slice": "all",
      "n_events_baseline": 107839,
      "nn_sigma68_baseline": 1.8942193085636965,
      "nn_rmse_to_center_baseline": 2.1342564282563905,
      "nn_mae_to_center_baseline": 1.5847956713215214,
      "nn_bias_to_center_baseline": -0.15786356566402612,
      "root_sigma68_baseline": 1.670867501896507,
      "root_rmse_to_center_baseline": 1.8246611814045355,
      "root_mae_to_center_baseline": 1.3901987722559044,
      "root_bias_to_center_baseline": -0.05614154782383602,
      "rmse_improvement_pct_baseline": -16.967273157723653,
      "sigma68_improvement_pct_baseline": -13.367415813263205,
      "n_events_candidate": 105223,
      "nn_sigma68_candidate": 1.6020177372489615,
      "nn_rmse_to_center_candidate": 1.929433516670166,
      "nn_mae_to_center_candidate": 1.398297964498172,
      "nn_bias_to_center_candidate": 0.3967310266504243,
      "root_sigma68_candidate": 19.908932814584787,
      "root_rmse_to_center_candidate": 16.20339472987493,
      "root_mae_to_center_candidate": 13.435095511416023,
      "root_bias_to_center_candidate": -3.0411105574882122,
      "rmse_improvement_pct_candidate": 88.09241181347768,
      "sigma68_improvement_pct_candidate": 91.95327166870862,
      "n_events_delta": -2616,
      "nn_sigma68_delta": -0.292201571314735,
      "nn_rmse_to_center_delta": -0.20482291158622457,
      "nn_mae_to_center_delta": -0.18649770682334954,
      "nn_bias_to_center_delta": 0.5545945923144504,
      "root_sigma68_delta": 18.23806531268828,
      "root_rmse_to_center_delta": 14.378733548470395,
      "root_mae_to_center_delta": 12.04489673916012,
      "root_bias_to_center_delta": -2.9849690096643764,
      "rmse_improvement_pct_delta": 105.05968497120134,
      "sigma68_improvement_pct_delta": 105.32068748197183
    },
    {
      "slice": "foil0",
      "n_events_baseline": 26120,
      "nn_sigma68_baseline": 1.5642793796462588,
      "nn_rmse_to_center_baseline": 1.8840219513946224,
      "nn_mae_to_center_baseline": 1.3754900405198391,
      "nn_bias_to_center_baseline": -0.5384108887280926,
      "root_sigma68_baseline": 1.302656533627339,
      "root_rmse_to_center_baseline": 1.2812759848496873,
      "root_mae_to_center_baseline": 1.0288241570849719,
      "root_bias_to_center_baseline": -0.018931838139740705,
      "rmse_improvement_pct_baseline": -47.042633567790325,
      "sigma68_improvement_pct_baseline": -20.083793330419383,
      "n_events_candidate": 27171,
      "nn_sigma68_candidate": 1.4644263917061278,
      "nn_rmse_to_center_candidate": 1.7402321523372477,
      "nn_mae_to_center_candidate": 1.238719751149699,
      "nn_bias_to_center_candidate": 0.5101061700315461,
      "root_sigma68_candidate": 1.4649083362101454,
      "root_rmse_to_center_candidate": 19.537713595894182,
      "root_mae_to_center_candidate": 19.486001005765548,
      "root_bias_to_center_candidate": 19.486001005765548,
      "rmse_improvement_pct_candidate": 91.09295904151776,
      "sigma68_improvement_pct_candidate": 0.03289929424966294,
      "n_events_delta": 1051,
      "nn_sigma68_delta": -0.09985298794013109,
      "nn_rmse_to_center_delta": -0.14378979905737466,
      "nn_mae_to_center_delta": -0.13677028937014013,
      "nn_bias_to_center_delta": 1.0485170587596389,
      "root_sigma68_delta": 0.16225180258280636,
      "root_rmse_to_center_delta": 18.256437611044493,
      "root_mae_to_center_delta": 18.457176848680575,
      "root_bias_to_center_delta": 19.504932843905287,
      "rmse_improvement_pct_delta": 138.13559260930808,
      "sigma68_improvement_pct_delta": 20.116692624669046
    },
    {
      "slice": "foil1",
      "n_events_baseline": 38096,
      "nn_sigma68_baseline": 1.9837126123227193,
      "nn_rmse_to_center_baseline": 2.2638677231178446,
      "nn_mae_to_center_baseline": 1.6970286624213475,
      "nn_bias_to_center_baseline": -0.7879829241616886,
      "root_sigma68_baseline": 1.6311222183410659,
      "root_rmse_to_center_baseline": 1.634552362621107,
      "root_mae_to_center_baseline": 1.2934680492060553,
      "root_bias_to_center_baseline": -0.07129645419332299,
      "rmse_improvement_pct_baseline": -38.50077702543534,
      "sigma68_improvement_pct_baseline": -21.616430088252727,
      "n_events_candidate": 36912,
      "nn_sigma68_candidate": 1.8972586912617988,
      "nn_rmse_to_center_candidate": 2.304499440220494,
      "nn_mae_to_center_candidate": 1.753401103153519,
      "nn_bias_to_center_candidate": 0.9966560272894318,
      "root_sigma68_candidate": 1.636537534428107,
      "root_rmse_to_center_candidate": 1.6683956638222617,
      "root_mae_to_center_candidate": 1.3206184204492426,
      "root_bias_to_center_candidate": -0.3784312685248123,
      "rmse_improvement_pct_candidate": -38.126674037316256,
      "sigma68_improvement_pct_candidate": -15.931266552025743,
      "n_events_delta": -1184,
      "nn_sigma68_delta": -0.08645392106092054,
      "nn_rmse_to_center_delta": 0.04063171710264957,
      "nn_mae_to_center_delta": 0.056372440732171514,
      "nn_bias_to_center_delta": 1.7846389514511203,
      "root_sigma68_delta": 0.005415316087041155,
      "root_rmse_to_center_delta": 0.03384330120115475,
      "root_mae_to_center_delta": 0.02715037124318731,
      "root_bias_to_center_delta": -0.3071348143314893,
      "rmse_improvement_pct_delta": 0.37410298811908405,
      "sigma68_improvement_pct_delta": 5.685163536226984
    },
    {
      "slice": "foil2",
      "n_events_baseline": 43623,
      "nn_sigma68_baseline": 1.7961020130581584,
      "nn_rmse_to_center_baseline": 2.1585401016841286,
      "nn_mae_to_center_baseline": 1.6121077554881524,
      "nn_bias_to_center_baseline": 0.620279229644879,
      "root_sigma68_baseline": 2.065426408193936,
      "root_rmse_to_center_baseline": 2.216809714748843,
      "root_mae_to_center_baseline": 1.691052876136238,
      "root_bias_to_center_baseline": -0.06518669153005967,
      "rmse_improvement_pct_baseline": 2.6285347216333355,
      "sigma68_improvement_pct_baseline": 13.039650992517425,
      "n_events_candidate": 41140,
      "nn_sigma68_candidate": 1.3798062569862402,
      "nn_rmse_to_center_candidate": 1.6602608890142112,
      "nn_mae_to_center_candidate": 1.1850829081259109,
      "nn_bias_to_center_candidate": -0.21641791949433767,
      "root_sigma68_candidate": 2.006249130616059,
      "root_rmse_to_center_candidate": 20.418433498515814,
      "root_mae_to_center_candidate": 20.30822203535367,
      "root_bias_to_center_candidate": -20.30822203535367,
      "rmse_improvement_pct_candidate": 91.86881359368292,
      "sigma68_improvement_pct_candidate": 31.224580440688182,
      "n_events_delta": -2483,
      "nn_sigma68_delta": -0.41629575607191827,
      "nn_rmse_to_center_delta": -0.49827921266991737,
      "nn_mae_to_center_delta": -0.42702484736224156,
      "nn_bias_to_center_delta": -0.8366971491392167,
      "root_sigma68_delta": -0.05917727757787716,
      "root_rmse_to_center_delta": 18.20162378376697,
      "root_mae_to_center_delta": 18.617169159217433,