{
  "checkpoint": "C:\\Users\\Lanto\\Desktop\\AI_ML R-SIDIS\\SHMS_Calibration_NN\\checkpoints\\stage2_transport_fullroot_25521_mech25x16p4_tol3_directgrid_max80_eqholeweight_bs4096_sieveloss035_fullnoytar_allfoils_general_cuda\\best_finetune.pth",
  "checkpoint_epoch": 79,
  "checkpoint_val_loss": 0.06520147530611674,
  "scaler_bundle": "C:\\Users\\Lanto\\Desktop\\AI_ML R-SIDIS\\SHMS_Calibration_NN\\checkpoints\\pretrain_25521_fry_cuda_5d_notebooklike\\scaler_bundle.json",
  "data": "C:\\Users\\Lanto\\Desktop\\AI_ML R-SIDIS\\SHMS_Calibration_NN\\dataset\\stage2_25521_labeled_mech25x16p4_tol3_directgrid_max80_eqholeweight.csv",
  "device": "cuda",
  "dataset_summary": {
    "raw_events": 122133,
    "kept_events": 122133,
    "cutflow": {
      "raw": 122133,
      "finite": 122133,
      "pid": 122133,
      "quality": 122133
    }
  },
  "focus_foil": 1,
  "summaries": [
    {
      "slice": "all",
      "n_events": 122133,
      "center_mean": -1.6188090032996816,
      "center_std": 7.894051110580132,
      "tol_mean": 0.0,
      "tol_std": 0.0,
      "nn_mean": -1.0890686741048288,
      "nn_std": 6.951359377636938,
      "nn_sigma68": 1.8734206808034914,
      "nn_rmse_to_center": 2.052179083219015,
      "nn_mae_to_center": 1.5677562031399246,
      "nn_bias_to_center": 0.5297403291948528,
      "nn_within_tol": 0.0,
      "root_mean": -1.9891142978524468,
      "root_std": 8.002576907746741,
      "root_sigma68": 1.8238874592294345,
      "root_rmse_to_center": 1.9143510290283097,
      "root_mae_to_center": 1.487835904559902,
      "root_bias_to_center": -0.3703052945527652,
      "root_within_tol": 0.0,
      "rmse_improvement_pct": -7.199727327995031,
      "sigma68_improvement_pct": -2.715804712807444
    },
    {
      "slice": "foil0",
      "n_events": 29769,
      "center_mean": 10.0,
      "center_std": 0.0,
      "tol_mean": 0.0,
      "tol_std": 0.0,
      "nn_mean": 9.056086245702014,
      "nn_std": 1.1743138036231577,
      "nn_sigma68": 1.0254858068635624,
      "nn_rmse_to_center": 1.5066472994476217,
      "nn_mae_to_center": 1.1942430975154785,
      "nn_bias_to_center": -0.9439137542979882,
      "nn_within_tol": 0.0,
      "root_mean": 9.451667337855563,
      "root_std": 1.4601794473395395,
      "root_sigma68": 1.5232967236037147,
      "root_rmse_to_center": 1.5597412371310855,
      "root_mae_to_center": 1.2245677790151424,
      "root_bias_to_center": -0.5483326621444378,
      "root_within_tol": 0.0,
      "rmse_improvement_pct": 3.4040221813409453,
      "sigma68_improvement_pct": 32.67983899830521
    },
    {
      "slice": "foil1",
      "n_events": 42824,
      "center_mean": 0.0,
      "center_std": 0.0,
      "tol_mean": 0.0,
      "tol_std": 0.0,
      "nn_mean": 0.022405821620051353,
      "nn_std": 1.7015478730718416,
      "nn_sigma68": 1.5649344711754614,
      "nn_rmse_to_center": 1.7016953855487114,
      "nn_mae_to_center": 1.2889127317435614,
      "nn_bias_to_center": 0.022405821620051353,
      "nn_within_tol": 0.0,
      "root_mean": -0.37981753956609554,
      "root_std": 1.6844974652015114,
      "root_sigma68": 1.737384291497043,
      "root_rmse_to_center": 1.7267869218963756,
      "root_mae_to_center": 1.3792964959729368,
      "root_bias_to_center": -0.37981753956609554,
      "root_within_tol": 0.0,
      "rmse_improvement_pct": 1.4530765799470189,
      "sigma68_improvement_pct": 9.925830523826578
    },
    {
      "slice": "foil2",
      "n_events": 49540,
      "center_mean": -10.0,
      "center_std": 0.0,
      "tol_mean": 0.0,
      "tol_std": 0.0,
      "nn_mean": -8.14617203729926,
      "nn_std": 1.7546241725117546,
      "nn_sigma68": 1.6767000956407534,
      "nn_rmse_to_center": 2.5525250443538727,
      "nn_mae_to_center": 2.033244787322646,
      "nn_bias_to_center": 1.853827962700741,
      "nn_within_tol": 0.0,
      "root_mean": -10.255104465196943,
      "root_std": 2.2204302500646036,
      "root_sigma68": 2.189290448224355,
      "root_rmse_to_center": 2.235036640318314,
      "root_mae_to_center": 1.7398609441777892,
      "root_bias_to_center": -0.25510446519694446,
      "root_within_tol": 0.0,
      "rmse_improvement_pct": -14.20506484360552,
      "sigma68_improvement_pct": 23.41353807117475
    }
  ],
  "artifacts": {
    "distribution_plot": "C:\\Users\\Lanto\\Desktop\\AI_ML R-SIDIS\\SHMS_Calibration_NN\\outputs\\stage2_ytar_analysis_mech25x16p4_tol3_directgrid_max80_eqholeweight_bs4096_sieveloss035_fullnoytar_allfoils_general_cuda\\ytar_distribution_by_foil.png",
    "focus_plot": "C:\\Users\\Lanto\\Desktop\\AI_ML R-SIDIS\\SHMS_Calibration_NN\\outputs\\stage2_ytar_analysis_mech25x16p4_tol3_directgrid_max80_eqholeweight_bs4096_sieveloss035_fullnoytar_allfoils_general_cuda\\ytar_foil1_focus.png",
    "summary_csv": "C:\\Users\\Lanto\\Desktop\\AI_ML R-SIDIS\\SHMS_Calibration_NN\\outputs\\stage2_ytar_analysis_mech25x16p4_tol3_directgrid_max80_eqholeweight_bs4096_sieveloss035_fullnoytar_allfoils_general_cuda\\ytar_distribution_summary.csv"
  }
}