{
  "root_file": "C:\\Users\\Lanto\\Desktop\\AI_ML R-SIDIS\\mc-single-arm\\worksim\\shms_nn_train_3gev15deg.root",
  "inp_file": "C:\\Users\\Lanto\\Desktop\\AI_ML R-SIDIS\\mc-single-arm\\infiles\\shms_nn_train_3gev15deg.inp",
  "tree_name": "h10",
  "target_mode": "core3",
  "filter_stop_id": true,
  "x_tar_mode": "zero",
  "feature_names": [
    "x_fp",
    "y_fp",
    "xp_fp",
    "yp_fp",
    "x_tar",
    "p0"
  ],
  "target_names": [
    "delta",
    "xptar",
    "yptar"
  ],
  "max_events": 100000,
  "val_fraction": 0.2,
  "test_fraction": 0.15,
  "epochs": 40,
  "batch_size": 2048,
  "lr": 0.001,
  "weight_decay": 0.0001,
  "dropout": 0.1,
  "hidden": 256,
  "n_blocks": 4,
  "early_stopping_patience": 12,
  "early_stopping_min_delta": 1e-05,
  "grad_clip_max_norm": 1.0,
  "prefix": "ps",
  "p0_gev": 1.4,
  "events": {
    "all": 100000,
    "after_filter": 33787
  },
  "training_summary": {
    "n_train": 21960,
    "n_val": 6758,
    "n_test": 5069,
    "best_epoch": 33,
    "best_val_loss": 0.0024534640833735466,
    "stopped_early": false,
    "eval_split": "test"
  },
  "metrics": {
    "rmse_val": [
      0.21530519425868988,
      0.001631353166885674,
      0.001403231406584382
    ],
    "mae_val": [
      0.16425038874149323,
      0.0011845238041132689,
      0.001113226404413581
    ],
    "rmse_test": [
      0.219537153840065,
      0.0016454893629997969,
      0.0014165079919621348
    ],
    "mae_test": [
      0.1688230186700821,
      0.001196838216856122,
      0.0011249930830672383
    ]
  },
  "reco_overlay_available": {
    "delta": true,
    "xptar": true,
    "yptar": true
  }
}