{
  "root_file": "C:\\Users\\Lanto\\Desktop\\AI_ML R-SIDIS\\RootData\\shms_carbon_29deg_-1.53gev_sieve_no_raster.root",
  "inp_file": "C:\\Users\\Lanto\\Desktop\\AI_ML R-SIDIS\\mc-single-arm\\infiles\\shms_nn_train_3gev15deg.inp",
  "tree_name": "h10",
  "target_mode": "all",
  "filter_stop_id": true,
  "x_tar_mode": "zero",
  "feature_names": [
    "x_fp",
    "y_fp",
    "xp_fp",
    "yp_fp",
    "x_tar",
    "p0"
  ],
  "target_names": [
    "delta",
    "xptar",
    "yptar",
    "ytar"
  ],
  "max_events": 100000,
  "val_fraction": 0.2,
  "epochs": 40,
  "batch_size": 2048,
  "lr": 0.001,
  "weight_decay": 1e-05,
  "prefix": "ps",
  "p0_gev": 1.53,
  "events": {
    "all": 86881,
    "after_filter": 86881
  },
  "metrics": {
    "n_train": 69504,
    "n_val": 17377,
    "rmse": [
      0.5675932765007019,
      0.0027076397091150284,
      0.0017557413084432483,
      0.16348884999752045
    ],
    "mae": [
      0.4242054522037506,
      0.0018783991690725088,
      0.001437164144590497,
      0.13846692442893982
    ]
  }
}