{
  "checkpoint": "C:\\Users\\Lanto\\Desktop\\AI_ML R-SIDIS\\SHMS_Calibration_NN\\checkpoints\\stage2_transport_fullroot_25521_general_gpu_clean\\best_finetune.pth",
  "checkpoint_epoch": 7,
  "checkpoint_val_loss": 0.0046628701210363055,
  "scaler_bundle": "C:\\Users\\Lanto\\Desktop\\AI_ML R-SIDIS\\SHMS_Calibration_NN\\checkpoints\\pretrain_25521_fry_cuda_5d_notebooklike\\scaler_bundle.json",
  "data": "C:\\Users\\Lanto\\Desktop\\AI_ML R-SIDIS\\SHMS_Calibration_NN\\dataset\\stage2_25521_labeled.csv",
  "device": "cpu",
  "dataset_summary": {
    "raw_events": 107839,
    "kept_events": 107839,
    "cutflow": {
      "raw": 107839,
      "finite": 107839,
      "pid": 107839,
      "quality": 107839
    }
  },
  "focus_foil": 1,
  "summaries": [
    {
      "slice": "all",
      "n_events": 107839,
      "center_mean": -2.039165876592779,
      "center_std": 7.888475324258337,
      "tol_mean": 1.7272481838009575,
      "tol_std": 0.3052746938003891,
      "nn_mean": -2.197029442256806,
      "nn_std": 7.658132092056666,
      "nn_sigma68": 1.8942193085636965,
      "nn_rmse_to_center": 2.1342564282563905,
      "nn_mae_to_center": 1.5847956713215214,
      "nn_bias_to_center": -0.15786356566402612,
      "nn_within_tol": 0.6457311362308626,
      "root_mean": -2.095307424416615,
      "root_std": 8.112305651857199,
      "root_sigma68": 1.670867501896507,
      "root_rmse_to_center": 1.8246611814045355,
      "root_mae_to_center": 1.3901987722559044,
      "root_bias_to_center": -0.05614154782383602,
      "root_within_tol": 0.6808112093027568,
      "rmse_improvement_pct": -16.967273157723653,
      "sigma68_improvement_pct": -13.367415813263205
    },
    {
      "slice": "foil0",
      "n_events": 26120,
      "center_mean": 9.651158200889427,
      "center_std": 1.7763568394002505e-15,
      "tol_mean": 1.3026565336273397,
      "tol_std": 0.0,
      "nn_mean": 9.112747312161336,
      "nn_std": 1.8054507548631247,
      "nn_sigma68": 1.5642793796462588,
      "nn_rmse_to_center": 1.8840219513946224,
      "nn_mae_to_center": 1.3754900405198391,
      "nn_bias_to_center": -0.5384108887280926,
      "nn_within_tol": 0.5989663093415007,
      "root_mean": 9.632226362749687,
      "root_std": 1.281136110980089,
      "root_sigma68": 1.302656533627339,
      "root_rmse_to_center": 1.2812759848496873,
      "root_mae_to_center": 1.0288241570849719,
      "root_bias_to_center": -0.018931838139740705,
      "root_within_tol": 0.6818147013782542,
      "rmse_improvement_pct": -47.042633567790325,
      "sigma68_improvement_pct": -20.083793330419383
    },
    {
      "slice": "foil1",
      "n_events": 38096,
      "center_mean": -0.48194530554105064,
      "center_std": 5.551115123125783e-17,
      "tol_mean": 1.6311222183410659,
      "tol_std": 2.220446049250313e-16,
      "nn_mean": -1.2699282297027392,
      "nn_std": 2.1223053453743095,
      "nn_sigma68": 1.9837126123227193,
      "nn_rmse_to_center": 2.2638677231178446,
      "nn_mae_to_center": 1.6970286624213475,
      "nn_bias_to_center": -0.7879829241616886,
      "nn_within_tol": 0.5921094078118437,
      "root_mean": -0.5532417597343735,
      "root_std": 1.6329967059886257,
      "root_sigma68": 1.6311222183410659,
      "root_rmse_to_center": 1.634552362621107,
      "root_mae_to_center": 1.2934680492060553,
      "root_bias_to_center": -0.07129645419332299,
      "root_within_tol": 0.682197606047879,
      "rmse_improvement_pct": -38.50077702543534,
      "sigma68_improvement_pct": -21.616430088252727
    },
    {
      "slice": "foil2",
      "n_events": 43623,
      "center_mean": -10.398864654270197,
      "center_std": 0.0,
      "tol_mean": 2.065426408193936,
      "tol_std": 0.0,
      "nn_mean": -9.778585424625316,
      "nn_std": 2.0674982582458648,
      "nn_sigma68": 1.7961020130581584,
      "nn_rmse_to_center": 2.1585401016841286,
      "nn_mae_to_center": 1.6121077554881524,
      "nn_bias_to_center": 0.620279229644879,
      "nn_within_tol": 0.7205602549114,
      "root_mean": -10.464051345800257,
      "root_std": 2.2158510795295356,
      "root_sigma68": 2.065426408193936,
      "root_rmse_to_center": 2.216809714748843,
      "root_mae_to_center": 1.691052876136238,
      "root_bias_to_center": -0.06518669153005967,
      "root_within_tol": 0.6789996102973203,
      "rmse_improvement_pct": 2.6285347216333355,
      "sigma68_improvement_pct": 13.039650992517425
    }
  ],
  "artifacts": {
    "distribution_plot": "C:\\Users\\Lanto\\Desktop\\AI_ML R-SIDIS\\SHMS_Calibration_NN\\outputs\\stage2_ytar_analysis\\ytar_distribution_by_foil.png",
    "focus_plot": "C:\\Users\\Lanto\\Desktop\\AI_ML R-SIDIS\\SHMS_Calibration_NN\\outputs\\stage2_ytar_analysis\\ytar_foil1_focus.png",
    "summary_csv": "C:\\Users\\Lanto\\Desktop\\AI_ML R-SIDIS\\SHMS_Calibration_NN\\outputs\\stage2_ytar_analysis\\ytar_distribution_summary.csv"
  }
}