{
  "checkpoint": "C:\\Users\\Lanto\\Desktop\\AI_ML R-SIDIS\\SHMS_Calibration_NN\\checkpoints\\stage2_transport_fullroot_25521_mech25x16p4_tol3_nearest_hole_match_sep0.02t1_general_cuda\\best_finetune.pth",
  "checkpoint_epoch": 21,
  "checkpoint_val_loss": 0.03355878385814899,
  "scaler_bundle": "C:\\Users\\Lanto\\Desktop\\AI_ML R-SIDIS\\SHMS_Calibration_NN\\checkpoints\\pretrain_25521_fry_cuda_5d_notebooklike\\scaler_bundle.json",
  "data": "C:\\Users\\Lanto\\Desktop\\AI_ML R-SIDIS\\SHMS_Calibration_NN\\dataset\\stage2_25521_labeled_mech25x16p4_tol3.csv",
  "device": "cpu",
  "dataset_summary": {
    "raw_events": 105223,
    "kept_events": 105223,
    "cutflow": {
      "raw": 105223,
      "finite": 105223,
      "pid": 105223,
      "quality": 105223
    }
  },
  "focus_foil": 1,
  "summaries": [
    {
      "slice": "all",
      "n_events": 105223,
      "center_mean": -1.3275614646987826,
      "center_std": 7.947188032270049,
      "tol_mean": 0.0,
      "tol_std": 0.0,
      "nn_mean": -1.7836657606299267,
      "nn_std": 7.927284942828166,
      "nn_sigma68": 1.4948009968362022,
      "nn_rmse_to_center": 1.974736809370677,
      "nn_mae_to_center": 1.3393723570658058,
      "nn_bias_to_center": -0.45610429593114404,
      "nn_within_tol": 0.0,
      "root_mean": -1.713549092789429,
      "root_std": 8.068299611421923,
      "root_sigma68": 1.701747649277804,
      "root_rmse_to_center": 1.832444154571017,
      "root_mae_to_center": 1.4104286095859206,
      "root_bias_to_center": -0.38598762809064635,
      "root_within_tol": 0.0,
      "rmse_improvement_pct": -7.76518369985312,
      "sigma68_improvement_pct": 12.160830809986836
    },
    {
      "slice": "foil0",
      "n_events": 27171,
      "center_mean": 10.0,
      "center_std": 0.0,
      "tol_mean": 0.0,
      "tol_std": 0.0,
      "nn_mean": 9.793492666240722,
      "nn_std": 1.6689045907749576,
      "nn_sigma68": 1.3796325887526804,
      "nn_rmse_to_center": 1.6816324842265906,
      "nn_mae_to_center": 1.1765818161733437,
      "nn_bias_to_center": -0.20650733375927843,
      "nn_within_tol": 0.0,
      "root_mean": 9.486001005765551,
      "root_std": 1.4205693782748772,
      "root_sigma68": 1.4649083362101443,
      "root_rmse_to_center": 1.5106992833010462,
      "root_mae_to_center": 1.1816142729025654,
      "root_bias_to_center": -0.5139989942344478,
      "root_within_tol": 0.0,
      "rmse_improvement_pct": -11.314839612026315,
      "sigma68_improvement_pct": 5.82123436324216
    },
    {
      "slice": "foil1",
      "n_events": 36912,
      "center_mean": 0.0,
      "center_std": 0.0,
      "tol_mean": 0.0,
      "tol_std": 0.0,
      "nn_mean": -1.3947606980939846,
      "nn_std": 2.2619956174310025,
      "nn_sigma68": 2.072521496444155,
      "nn_rmse_to_center": 2.657438913357122,
      "nn_mae_to_center": 1.9833187230803797,
      "nn_bias_to_center": -1.3947606980939846,
      "nn_within_tol": 0.0,
      "root_mean": -0.3784312685248123,
      "root_std": 1.6249104178580513,
      "root_sigma68": 1.636537534428107,
      "root_rmse_to_center": 1.668395663822262,
      "root_mae_to_center": 1.3206184204492426,
      "root_bias_to_center": -0.3784312685248123,
      "root_within_tol": 0.0,
      "rmse_improvement_pct": -59.28109686337719,
      "sigma68_improvement_pct": -26.640633217642886
    },
    {
      "slice": "foil2",
      "n_events": 41140,
      "center_mean": -10.0,
      "center_std": 0.0,
      "tol_mean": 0.0,
      "tol_std": 0.0,
      "nn_mean": -9.778761416556739,
      "nn_std": 1.3118881499422024,
      "nn_sigma68": 0.9938745674208791,
      "nn_rmse_to_center": 1.330412352905202,
      "nn_mae_to_center": 0.8691203766151281,
      "nn_bias_to_center": 0.22123858344326103,
      "nn_within_tol": 0.0,
      "root_mean": -10.30822203535367,
      "root_std": 2.1186184876207,
      "root_sigma68": 2.006249130616059,
      "root_rmse_to_center": 2.1409215583868977,
      "root_mae_to_center": 1.6421298260039208,
      "root_bias_to_center": -0.30822203535367093,
      "root_within_tol": 0.0,
      "rmse_improvement_pct": 37.85795898530646,
      "sigma68_improvement_pct": 50.46105928451219
    }
  ],
  "artifacts": {
    "distribution_plot": "C:\\Users\\Lanto\\Desktop\\AI_ML R-SIDIS\\SHMS_Calibration_NN\\tmp_stage2_effects_20260601\\results\\generated\\nearest_sep_only\\ytar_distribution_by_foil.png",
    "focus_plot": "C:\\Users\\Lanto\\Desktop\\AI_ML R-SIDIS\\SHMS_Calibration_NN\\tmp_stage2_effects_20260601\\results\\generated\\nearest_sep_only\\ytar_foil1_focus.png",
    "summary_csv": "C:\\Users\\Lanto\\Desktop\\AI_ML R-SIDIS\\SHMS_Calibration_NN\\tmp_stage2_effects_20260601\\results\\generated\\nearest_sep_only\\ytar_distribution_summary.csv"
  }
}