{
  "checkpoint": "C:\\Users\\Lanto\\Desktop\\AI_ML R-SIDIS\\SHMS_Calibration_NN\\checkpoints\\stage2_transport_fullroot_25521_mech25x16p4_tol3_corrected_ytar_general_cuda\\best_finetune.pth",
  "checkpoint_epoch": 17,
  "checkpoint_val_loss": 0.03271363094920558,
  "scaler_bundle": "C:\\Users\\Lanto\\Desktop\\AI_ML R-SIDIS\\SHMS_Calibration_NN\\checkpoints\\pretrain_25521_fry_cuda_5d_notebooklike\\scaler_bundle.json",
  "data": "C:\\Users\\Lanto\\Desktop\\AI_ML R-SIDIS\\SHMS_Calibration_NN\\dataset\\stage2_25521_labeled_mech25x16p4_tol3.csv",
  "device": "cuda",
  "dataset_summary": {
    "raw_events": 105223,
    "kept_events": 105223,
    "cutflow": {
      "raw": 105223,
      "finite": 105223,
      "pid": 105223,
      "quality": 105223
    }
  },
  "focus_foil": 1,
  "summaries": [
    {
      "slice": "all",
      "n_events": 105223,
      "center_mean": -1.3275614646987826,
      "center_std": 7.9471880322700486,
      "tol_mean": 0.0,
      "tol_std": 0.0,
      "nn_mean": -1.7869536208714165,
      "nn_std": 7.870048327222165,
      "nn_sigma68": 1.5783485484198945,
      "nn_rmse_to_center": 2.0568276229996965,
      "nn_mae_to_center": 1.4212867431239569,
      "nn_bias_to_center": -0.45939215617263407,
      "nn_within_tol": 0.0,
      "root_mean": -1.713549092789429,
      "root_std": 8.06829961142192,
      "root_sigma68": 1.701747649277804,
      "root_rmse_to_center": 1.832444154571017,
      "root_mae_to_center": 1.4104286095859206,
      "root_bias_to_center": -0.38598762809064635,
      "root_within_tol": 0.0,
      "rmse_improvement_pct": -12.24503720175901,
      "sigma68_improvement_pct": 7.251316075581378
    },
    {
      "slice": "foil0",
      "n_events": 27171,
      "center_mean": 10.0,
      "center_std": 0.0,
      "tol_mean": 0.0,
      "tol_std": 0.0,
      "nn_mean": 9.569435421097896,
      "nn_std": 1.8233678192974732,
      "nn_sigma68": 1.5055373245162338,
      "nn_rmse_to_center": 1.8735143610484464,
      "nn_mae_to_center": 1.2938736073165054,
      "nn_bias_to_center": -0.4305645789021035,
      "nn_within_tol": 0.0,
      "root_mean": 9.486001005765553,
      "root_std": 1.4205693782748772,
      "root_sigma68": 1.4649083362101443,
      "root_rmse_to_center": 1.5106992833010462,
      "root_mae_to_center": 1.1816142729025654,
      "root_bias_to_center": -0.5139989942344478,
      "root_within_tol": 0.0,
      "rmse_improvement_pct": -24.016366576583586,
      "sigma68_improvement_pct": -2.773483316451085
    },
    {
      "slice": "foil1",
      "n_events": 36912,
      "center_mean": 0.0,
      "center_std": 0.0,
      "tol_mean": 0.0,
      "tol_std": 0.0,
      "nn_mean": -1.2486492374222098,
      "nn_std": 2.2624685148788943,
      "nn_sigma68": 2.0343638038284473,
      "nn_rmse_to_center": 2.5841611209313893,
      "nn_mae_to_center": 1.918940092861593,
      "nn_bias_to_center": -1.2486492374222098,
      "nn_within_tol": 0.0,
      "root_mean": -0.3784312685248123,
      "root_std": 1.6249104178580513,
      "root_sigma68": 1.636537534428107,
      "root_rmse_to_center": 1.6683956638222617,
      "root_mae_to_center": 1.3206184204492426,
      "root_bias_to_center": -0.3784312685248123,
      "root_within_tol": 0.0,
      "rmse_improvement_pct": -54.88898568647241,
      "sigma68_improvement_pct": -24.309022007207545
    },
    {
      "slice": "foil2",
      "n_events": 41140,
      "center_mean": -10.0,
      "center_std": 0.0,
      "tol_mean": 0.0,
      "tol_std": 0.0,
      "nn_mean": -9.770287069126772,
      "nn_std": 1.5677323167995663,
      "nn_sigma68": 1.2217487812217063,
      "nn_rmse_to_center": 1.584472356258734,
      "nn_mae_to_center": 1.0589280136030195,
      "nn_bias_to_center": 0.22971293087322786,
      "nn_within_tol": 0.0,
      "root_mean": -10.308222035353673,
      "root_std": 2.1186184876207004,
      "root_sigma68": 2.006249130616059,
      "root_rmse_to_center": 2.1409215583868977,
      "root_mae_to_center": 1.6421298260039208,
      "root_bias_to_center": -0.30822203535367093,
      "root_within_tol": 0.0,
      "rmse_improvement_pct": 25.991106490955552,
      "sigma68_improvement_pct": 39.102838098350034
    }
  ],
  "artifacts": {
    "distribution_plot": "C:\\Users\\Lanto\\Desktop\\AI_ML R-SIDIS\\SHMS_Calibration_NN\\outputs\\stage2_ytar_analysis_mech25x16p4_tol3_corrected_ytar_general_cuda\\ytar_distribution_by_foil.png",
    "focus_plot": "C:\\Users\\Lanto\\Desktop\\AI_ML R-SIDIS\\SHMS_Calibration_NN\\outputs\\stage2_ytar_analysis_mech25x16p4_tol3_corrected_ytar_general_cuda\\ytar_foil1_focus.png",
    "summary_csv": "C:\\Users\\Lanto\\Desktop\\AI_ML R-SIDIS\\SHMS_Calibration_NN\\outputs\\stage2_ytar_analysis_mech25x16p4_tol3_corrected_ytar_general_cuda\\ytar_distribution_summary.csv"
  }
}