{
  "checkpoint": "C:\\Users\\Lanto\\Desktop\\AI_ML R-SIDIS\\SHMS_Calibration_NN\\checkpoints\\stage2_transport_fullroot_25521_mech25x16p4_tol3_nearest_hole_match_sep0.02t1_noytar_delay2_general_cuda\\best_finetune.pth",
  "checkpoint_epoch": 63,
  "checkpoint_val_loss": 0.019628613281350762,
  "scaler_bundle": "C:\\Users\\Lanto\\Desktop\\AI_ML R-SIDIS\\SHMS_Calibration_NN\\checkpoints\\pretrain_25521_fry_cuda_5d_notebooklike\\scaler_bundle.json",
  "data": "C:\\Users\\Lanto\\Desktop\\AI_ML R-SIDIS\\SHMS_Calibration_NN\\dataset\\stage2_25521_labeled_mech25x16p4_tol3.csv",
  "device": "cuda",
  "dataset_summary": {
    "raw_events": 105223,
    "kept_events": 105223,
    "cutflow": {
      "raw": 105223,
      "finite": 105223,
      "pid": 105223,
      "quality": 105223
    }
  },
  "focus_foil": 1,
  "summaries": [
    {
      "slice": "all",
      "n_events": 105223,
      "center_mean": -1.3275614646987826,
      "center_std": 7.9471880322700486,
      "tol_mean": 0.0,
      "tol_std": 0.0,
      "nn_mean": 0.2505871221548491,
      "nn_std": 7.8322268477287595,
      "nn_sigma68": 2.868160734971741,
      "nn_rmse_to_center": 3.5811489338616798,
      "nn_mae_to_center": 2.5533209112061868,
      "nn_bias_to_center": 1.5781485868536316,
      "nn_within_tol": 0.0,
      "root_mean": -1.713549092789429,
      "root_std": 8.06829961142192,
      "root_sigma68": 1.701747649277804,
      "root_rmse_to_center": 1.832444154571017,
      "root_mae_to_center": 1.4104286095859206,
      "root_bias_to_center": -0.38598762809064635,
      "root_within_tol": 0.0,
      "rmse_improvement_pct": -95.43018131977081,
      "sigma68_improvement_pct": -68.54207121654875
    },
    {
      "slice": "foil0",
      "n_events": 27171,
      "center_mean": 10.0,
      "center_std": 0.0,
      "tol_mean": 0.0,
      "tol_std": 0.0,
      "nn_mean": 10.81901590632026,
      "nn_std": 2.4674716606236147,
      "nn_sigma68": 2.1640387300311987,
      "nn_rmse_to_center": 2.5998468129461503,
      "nn_mae_to_center": 1.8595724760899321,
      "nn_bias_to_center": 0.8190159063202603,
      "nn_within_tol": 0.0,
      "root_mean": 9.486001005765553,
      "root_std": 1.4205693782748772,
      "root_sigma68": 1.4649083362101443,
      "root_rmse_to_center": 1.5106992833010462,
      "root_mae_to_center": 1.1816142729025654,
      "root_bias_to_center": -0.5139989942344478,
      "root_within_tol": 0.0,
      "rmse_improvement_pct": -72.09558789656639,
      "sigma68_improvement_pct": -47.7251973068684
    },
    {
      "slice": "foil1",
      "n_events": 36912,
      "center_mean": 0.0,
      "center_std": 0.0,
      "tol_mean": 0.0,
      "tol_std": 0.0,
      "nn_mean": 0.9642517071901011,
      "nn_std": 3.3864098763037718,
      "nn_sigma68": 2.875969352063477,
      "nn_rmse_to_center": 3.5210159336683997,
      "nn_mae_to_center": 2.480728078432679,
      "nn_bias_to_center": 0.9642517071901011,
      "nn_within_tol": 0.0,
      "root_mean": -0.3784312685248123,
      "root_std": 1.6249104178580513,
      "root_sigma68": 1.636537534428107,
      "root_rmse_to_center": 1.6683956638222617,
      "root_mae_to_center": 1.3206184204492426,
      "root_bias_to_center": -0.3784312685248123,
      "root_within_tol": 0.0,
      "rmse_improvement_pct": -111.0420213872902,
      "sigma68_improvement_pct": -75.73500708423978
    },
    {
      "slice": "foil2",
      "n_events": 41140,
      "center_mean": -10.0,
      "center_std": 0.0,
      "tol_mean": 0.0,
      "tol_std": 0.0,
      "nn_mean": -7.369674561301144,
      "nn_std": 3.2086011960150675,
      "nn_sigma68": 2.8686670976708606,
      "nn_rmse_to_center": 4.148943666589804,
      "nn_mae_to_center": 3.0766409251556146,
      "nn_bias_to_center": 2.630325438698855,
      "nn_within_tol": 0.0,
      "root_mean": -10.308222035353673,
      "root_std": 2.1186184876207004,
      "root_sigma68": 2.006249130616059,
      "root_rmse_to_center": 2.1409215583868977,
      "root_mae_to_center": 1.6421298260039208,
      "root_bias_to_center": -0.30822203535367093,
      "root_within_tol": 0.0,
      "rmse_improvement_pct": -93.79241851886782,
      "sigma68_improvement_pct": -42.986583963776184
    }
  ],
  "artifacts": {
    "distribution_plot": "C:\\Users\\Lanto\\Desktop\\AI_ML R-SIDIS\\SHMS_Calibration_NN\\outputs\\stage2_ytar_analysis_mech25x16p4_tol3_nearest_hole_match_sep0.02t1_noytar_delay2_general_cuda\\ytar_distribution_by_foil.png",
    "focus_plot": "C:\\Users\\Lanto\\Desktop\\AI_ML R-SIDIS\\SHMS_Calibration_NN\\outputs\\stage2_ytar_analysis_mech25x16p4_tol3_nearest_hole_match_sep0.02t1_noytar_delay2_general_cuda\\ytar_foil1_focus.png",
    "summary_csv": "C:\\Users\\Lanto\\Desktop\\AI_ML R-SIDIS\\SHMS_Calibration_NN\\outputs\\stage2_ytar_analysis_mech25x16p4_tol3_nearest_hole_match_sep0.02t1_noytar_delay2_general_cuda\\ytar_distribution_summary.csv"
  }
}