{
  "checkpoint": "C:\\Users\\Lanto\\Desktop\\AI_ML R-SIDIS\\SHMS_Calibration_NN\\checkpoints\\stage2_transport_fullroot_25521_mainline\\best_finetune.pth",
  "checkpoint_epoch": 7,
  "checkpoint_val_loss": 0.016976651947543275,
  "scaler_bundle": "C:\\Users\\Lanto\\Desktop\\AI_ML R-SIDIS\\SHMS_Calibration_NN\\checkpoints\\pretrain_25521_fry_cuda_5d_notebooklike\\scaler_bundle.json",
  "data": "C:\\Users\\Lanto\\Desktop\\AI_ML R-SIDIS\\SHMS_Calibration_NN\\dataset\\stage2_25521_labeled_mech25x16p4_tol3.csv",
  "device": "cpu",
  "dataset_summary": {
    "raw_events": 105223,
    "kept_events": 105223,
    "cutflow": {
      "raw": 105223,
      "finite": 105223,
      "pid": 105223,
      "quality": 105223
    }
  },
  "focus_foil": 1,
  "summaries": [
    {
      "slice": "all",
      "n_events": 105223,
      "center_mean": -1.3275614646987826,
      "center_std": 7.947188032270049,
      "tol_mean": 0.0,
      "tol_std": 0.0,
      "nn_mean": -1.6456941772750295,
      "nn_std": 7.793528380095429,
      "nn_sigma68": 1.9128497425959758,
      "nn_rmse_to_center": 2.3240776322100816,
      "nn_mae_to_center": 1.6499070360604988,
      "nn_bias_to_center": -0.3181327125762469,
      "nn_within_tol": 0.0,
      "root_mean": -1.713549092789429,
      "root_std": 8.068299611421923,
      "root_sigma68": 1.701747649277804,
      "root_rmse_to_center": 1.832444154571017,
      "root_mae_to_center": 1.4104286095859206,
      "root_bias_to_center": -0.38598762809064635,
      "root_within_tol": 0.0,
      "rmse_improvement_pct": -26.829383935804472,
      "sigma68_improvement_pct": -12.40501747763602
    },
    {
      "slice": "foil0",
      "n_events": 27171,
      "center_mean": 10.0,
      "center_std": 0.0,
      "tol_mean": 0.0,
      "tol_std": 0.0,
      "nn_mean": 9.42840470595872,
      "nn_std": 2.241277407673044,
      "nn_sigma68": 1.878038752019091,
      "nn_rmse_to_center": 2.313016558158575,
      "nn_mae_to_center": 1.6162604627090584,
      "nn_bias_to_center": -0.5715952940412815,
      "nn_within_tol": 0.0,
      "root_mean": 9.486001005765551,
      "root_std": 1.4205693782748772,
      "root_sigma68": 1.4649083362101443,
      "root_rmse_to_center": 1.5106992833010462,
      "root_mae_to_center": 1.1816142729025654,
      "root_bias_to_center": -0.5139989942344478,
      "root_within_tol": 0.0,
      "rmse_improvement_pct": -53.108999502824695,
      "sigma68_improvement_pct": -28.201792944789577
    },
    {
      "slice": "foil1",
      "n_events": 36912,
      "center_mean": 0.0,
      "center_std": 0.0,
      "tol_mean": 0.0,
      "tol_std": 0.0,
      "nn_mean": -1.045167795198413,
      "nn_std": 2.3092807193223406,
      "nn_sigma68": 1.9976072360993888,
      "nn_rmse_to_center": 2.534788583048657,
      "nn_mae_to_center": 1.8810519941526092,
      "nn_bias_to_center": -1.045167795198413,
      "nn_within_tol": 0.0,
      "root_mean": -0.3784312685248123,
      "root_std": 1.6249104178580513,
      "root_sigma68": 1.636537534428107,
      "root_rmse_to_center": 1.668395663822262,
      "root_mae_to_center": 1.3206184204492426,
      "root_bias_to_center": -0.3784312685248123,
      "root_within_tol": 0.0,
      "rmse_improvement_pct": -51.92970336793528,
      "sigma68_improvement_pct": -22.063025996984464
    },
    {
      "slice": "foil2",
      "n_events": 41140,
      "center_mean": -10.0,
      "center_std": 0.0,
      "tol_mean": 0.0,
      "tol_std": 0.0,
      "nn_mean": -9.498415873229241,
      "nn_std": 2.065194408987677,
      "nn_sigma68": 1.6233443030933787,
      "nn_rmse_to_center": 2.1252328303370307,
      "nn_mae_to_center": 1.4647390329354626,
      "nn_bias_to_center": 0.5015841267707597,
      "nn_within_tol": 0.0,
      "root_mean": -10.30822203535367,
      "root_std": 2.1186184876207,
      "root_sigma68": 2.006249130616059,
      "root_rmse_to_center": 2.1409215583868977,
      "root_mae_to_center": 1.6421298260039208,
      "root_bias_to_center": -0.30822203535367093,
      "root_within_tol": 0.0,
      "rmse_improvement_pct": 0.7328025629153756,
      "sigma68_improvement_pct": 19.085607150149965
    }
  ],
  "artifacts": {
    "distribution_plot": "C:\\Users\\Lanto\\Desktop\\AI_ML R-SIDIS\\SHMS_Calibration_NN\\outputs\\stage2_ytar_analysis_mainline_holdout_foil1\\ytar_distribution_by_foil.png",
    "focus_plot": "C:\\Users\\Lanto\\Desktop\\AI_ML R-SIDIS\\SHMS_Calibration_NN\\outputs\\stage2_ytar_analysis_mainline_holdout_foil1\\ytar_foil1_focus.png",
    "summary_csv": "C:\\Users\\Lanto\\Desktop\\AI_ML R-SIDIS\\SHMS_Calibration_NN\\outputs\\stage2_ytar_analysis_mainline_holdout_foil1\\ytar_distribution_summary.csv"
  }
}