{
  "checkpoint": "C:\\Users\\Lanto\\Desktop\\AI_ML R-SIDIS\\SHMS_Calibration_NN\\checkpoints\\stage2_transport_fullroot_25521_mainline_centerout_holeval\\best_finetune.pth",
  "checkpoint_epoch": 56,
  "checkpoint_val_loss": 0.02146068960428238,
  "scaler_bundle": "C:\\Users\\Lanto\\Desktop\\AI_ML R-SIDIS\\SHMS_Calibration_NN\\checkpoints\\pretrain_25521_fry_cuda_5d_notebooklike\\scaler_bundle.json",
  "data": "C:\\Users\\Lanto\\Desktop\\AI_ML R-SIDIS\\SHMS_Calibration_NN\\dataset\\stage2_25521_labeled_mech25x16p4_tol3_hdbscan_centerout_pen035.csv",
  "device": "cuda",
  "dataset_summary": {
    "raw_events": 105223,
    "kept_events": 105223,
    "cutflow": {
      "raw": 105223,
      "finite": 105223,
      "pid": 105223,
      "quality": 105223
    }
  },
  "focus_foil": 1,
  "summaries": [
    {
      "slice": "all",
      "n_events": 105223,
      "center_mean": -1.3275614646987826,
      "center_std": 7.9471880322700486,
      "tol_mean": 0.0,
      "tol_std": 0.0,
      "nn_mean": -1.3198168699495765,
      "nn_std": 7.794249852332405,
      "nn_sigma68": 1.0379209242791476,
      "nn_rmse_to_center": 1.3920922561702638,
      "nn_mae_to_center": 0.9660199664871698,
      "nn_bias_to_center": 0.00774459474920595,
      "nn_within_tol": 0.0,
      "root_mean": -1.713549092789429,
      "root_std": 8.06829961142192,
      "root_sigma68": 1.701747649277804,
      "root_rmse_to_center": 1.832444154571017,
      "root_mae_to_center": 1.4104286095859206,
      "root_bias_to_center": -0.38598762809064635,
      "root_within_tol": 0.0,
      "rmse_improvement_pct": 24.030849578815214,
      "sigma68_improvement_pct": 39.0085289837406
    },
    {
      "slice": "foil0",
      "n_events": 27171,
      "center_mean": 10.0,
      "center_std": 0.0,
      "tol_mean": 0.0,
      "tol_std": 0.0,
      "nn_mean": 9.69739510355488,
      "nn_std": 0.9003069718248113,
      "nn_sigma68": 0.7991550580205763,
      "nn_rmse_to_center": 0.9498012249249437,
      "nn_mae_to_center": 0.6874009457200021,
      "nn_bias_to_center": -0.30260489644512,
      "nn_within_tol": 0.0,
      "root_mean": 9.486001005765553,
      "root_std": 1.4205693782748772,
      "root_sigma68": 1.4649083362101443,
      "root_rmse_to_center": 1.5106992833010462,
      "root_mae_to_center": 1.1816142729025654,
      "root_bias_to_center": -0.5139989942344478,
      "root_within_tol": 0.0,
      "rmse_improvement_pct": 37.12837257395646,
      "sigma68_improvement_pct": 45.44675333829653
    },
    {
      "slice": "foil1",
      "n_events": 36912,
      "center_mean": 0.0,
      "center_std": 0.0,
      "tol_mean": 0.0,
      "tol_std": 0.0,
      "nn_mean": -0.15470688280382666,
      "nn_std": 1.852448281287215,
      "nn_sigma68": 1.7340965757582336,
      "nn_rmse_to_center": 1.8588972145954799,
      "nn_mae_to_center": 1.4126849815230484,
      "nn_bias_to_center": -0.15470688280382666,
      "nn_within_tol": 0.0,
      "root_mean": -0.3784312685248123,
      "root_std": 1.6249104178580513,
      "root_sigma68": 1.636537534428107,
      "root_rmse_to_center": 1.6683956638222617,
      "root_mae_to_center": 1.3206184204492426,
      "root_bias_to_center": -0.3784312685248123,
      "root_within_tol": 0.0,
      "rmse_improvement_pct": -11.418247775637518,
      "sigma68_improvement_pct": -5.961307900232114
    },
    {
      "slice": "foil2",
      "n_events": 41140,
      "center_mean": -10.0,
      "center_std": 0.0,
      "tol_mean": 0.0,
      "tol_std": 0.0,
      "nn_mean": -9.641528254918306,
      "nn_std": 1.0639075145732324,
      "nn_sigma68": 0.8406968430376327,
      "nn_rmse_to_center": 1.1226759067457126,
      "nn_mae_to_center": 0.7492736946899012,
      "nn_bias_to_center": 0.3584717450816942,
      "nn_within_tol": 0.0,
      "root_mean": -10.308222035353673,
      "root_std": 2.1186184876207004,
      "root_sigma68": 2.006249130616059,
      "root_rmse_to_center": 2.1409215583868977,
      "root_mae_to_center": 1.6421298260039208,
      "root_bias_to_center": -0.30822203535367093,
      "root_within_tol": 0.0,
      "rmse_improvement_pct": 47.561091047557774,
      "sigma68_improvement_pct": 58.096089353594884
    }
  ],
  "artifacts": {
    "distribution_plot": "C:\\Users\\Lanto\\Desktop\\AI_ML R-SIDIS\\SHMS_Calibration_NN\\outputs\\stage2_ytar_analysis_mainline_centerout_holeval\\ytar_distribution_by_foil.png",
    "focus_plot": "C:\\Users\\Lanto\\Desktop\\AI_ML R-SIDIS\\SHMS_Calibration_NN\\outputs\\stage2_ytar_analysis_mainline_centerout_holeval\\ytar_foil1_focus.png",
    "summary_csv": "C:\\Users\\Lanto\\Desktop\\AI_ML R-SIDIS\\SHMS_Calibration_NN\\outputs\\stage2_ytar_analysis_mainline_centerout_holeval\\ytar_distribution_summary.csv"
  }
}