{
  "checkpoint": "C:\\Users\\Lanto\\Desktop\\AI_ML R-SIDIS\\SHMS_Calibration_NN\\checkpoints\\stage2_transport_fullroot_25521_mech25x16p4_tol3_directgrid_max80_eqholeweight_sep0.02t1_noytar_delay2_allfoils_general_cuda\\best_finetune.pth",
  "checkpoint_epoch": 75,
  "checkpoint_val_loss": 0.05340380382506851,
  "scaler_bundle": "C:\\Users\\Lanto\\Desktop\\AI_ML R-SIDIS\\SHMS_Calibration_NN\\checkpoints\\pretrain_25521_fry_cuda_5d_notebooklike\\scaler_bundle.json",
  "data": "C:\\Users\\Lanto\\Desktop\\AI_ML R-SIDIS\\SHMS_Calibration_NN\\dataset\\stage2_25521_labeled_mech25x16p4_tol3_directgrid_max80_eqholeweight.csv",
  "device": "cuda",
  "dataset_summary": {
    "raw_events": 122133,
    "kept_events": 122133,
    "cutflow": {
      "raw": 122133,
      "finite": 122133,
      "pid": 122133,
      "quality": 122133
    }
  },
  "focus_foil": 1,
  "summaries": [
    {
      "slice": "all",
      "n_events": 122133,
      "center_mean": -1.6188090032996816,
      "center_std": 7.894051110580132,
      "tol_mean": 0.0,
      "tol_std": 0.0,
      "nn_mean": -0.15250186380308292,
      "nn_std": 6.814022426148208,
      "nn_sigma68": 3.540283949908482,
      "nn_rmse_to_center": 3.986613913475981,
      "nn_mae_to_center": 2.9573718921633714,
      "nn_bias_to_center": 1.4663071394965992,
      "nn_within_tol": 0.0,
      "root_mean": -1.9891142978524468,
      "root_std": 8.002576907746741,
      "root_sigma68": 1.8238874592294345,
      "root_rmse_to_center": 1.9143510290283097,
      "root_mae_to_center": 1.487835904559902,
      "root_bias_to_center": -0.3703052945527652,
      "root_within_tol": 0.0,
      "rmse_improvement_pct": -108.24884532799162,
      "sigma68_improvement_pct": -94.10649116498668
    },
    {
      "slice": "foil0",
      "n_events": 29769,
      "center_mean": 10.0,
      "center_std": 0.0,
      "tol_mean": 0.0,
      "tol_std": 0.0,
      "nn_mean": 8.8045310278166,
      "nn_std": 2.1162528193838575,
      "nn_sigma68": 1.890284636549242,
      "nn_rmse_to_center": 2.4305703155850806,
      "nn_mae_to_center": 1.8768092698973495,
      "nn_bias_to_center": -1.1954689721833989,
      "nn_within_tol": 0.0,
      "root_mean": 9.451667337855563,
      "root_std": 1.4601794473395395,
      "root_sigma68": 1.5232967236037147,
      "root_rmse_to_center": 1.5597412371310855,
      "root_mae_to_center": 1.2245677790151424,
      "root_bias_to_center": -0.5483326621444378,
      "root_within_tol": 0.0,
      "rmse_improvement_pct": -55.83163782062704,
      "sigma68_improvement_pct": -24.091689246027627
    },
    {
      "slice": "foil1",
      "n_events": 42824,
      "center_mean": 0.0,
      "center_std": 0.0,
      "tol_mean": 0.0,
      "tol_std": 0.0,
      "nn_mean": 0.9420200615296543,
      "nn_std": 3.0842061398883884,
      "nn_sigma68": 2.8189140620958124,
      "nn_rmse_to_center": 3.2248611302891113,
      "nn_mae_to_center": 2.416046086179181,
      "nn_bias_to_center": 0.9420200615296543,
      "nn_within_tol": 0.0,
      "root_mean": -0.37981753956609554,
      "root_std": 1.6844974652015114,
      "root_sigma68": 1.737384291497043,
      "root_rmse_to_center": 1.7267869218963756,
      "root_mae_to_center": 1.3792964959729368,
      "root_bias_to_center": -0.37981753956609554,
      "root_within_tol": 0.0,
      "rmse_improvement_pct": -86.75501241042147,
      "sigma68_improvement_pct": -62.250463290815944
    },
    {
      "slice": "foil2",
      "n_events": 49540,
      "center_mean": -10.0,
      "center_std": 0.0,
      "tol_mean": 0.0,
      "tol_std": 0.0,
      "nn_mean": -6.4809984136834915,
      "nn_std": 3.776066896348651,
      "nn_sigma68": 3.7554859350277,
      "nn_rmse_to_center": 5.161594072590195,
      "nn_mae_to_center": 4.074630774232492,
      "nn_bias_to_center": 3.519001586316507,
      "nn_within_tol": 0.0,
      "root_mean": -10.255104465196943,
      "root_std": 2.2204302500646036,
      "root_sigma68": 2.189290448224355,
      "root_rmse_to_center": 2.235036640318314,
      "root_mae_to_center": 1.7398609441777892,
      "root_bias_to_center": -0.25510446519694446,
      "root_within_tol": 0.0,
      "rmse_improvement_pct": -130.94002037725346,
      "sigma68_improvement_pct": -71.53895400556023
    }
  ],
  "artifacts": {
    "distribution_plot": "C:\\Users\\Lanto\\Desktop\\AI_ML R-SIDIS\\SHMS_Calibration_NN\\outputs\\stage2_ytar_analysis_mech25x16p4_tol3_directgrid_max80_eqholeweight_sep0.02t1_noytar_delay2_allfoils_general_cuda\\ytar_distribution_by_foil.png",
    "focus_plot": "C:\\Users\\Lanto\\Desktop\\AI_ML R-SIDIS\\SHMS_Calibration_NN\\outputs\\stage2_ytar_analysis_mech25x16p4_tol3_directgrid_max80_eqholeweight_sep0.02t1_noytar_delay2_allfoils_general_cuda\\ytar_foil1_focus.png",
    "summary_csv": "C:\\Users\\Lanto\\Desktop\\AI_ML R-SIDIS\\SHMS_Calibration_NN\\outputs\\stage2_ytar_analysis_mech25x16p4_tol3_directgrid_max80_eqholeweight_sep0.02t1_noytar_delay2_allfoils_general_cuda\\ytar_distribution_summary.csv"
  }
}