{
  "checkpoint": "C:\\Users\\Lanto\\Desktop\\AI_ML R-SIDIS\\SHMS_Calibration_NN\\checkpoints\\stage2_transport_fullroot_25521_mech25x16p4_tol3_directgrid_max80_eqholeweight_bs4096_fullnoytar_allfoils_general_cuda\\best_finetune.pth",
  "checkpoint_epoch": 80,
  "checkpoint_val_loss": 0.05359424476132857,
  "scaler_bundle": "C:\\Users\\Lanto\\Desktop\\AI_ML R-SIDIS\\SHMS_Calibration_NN\\checkpoints\\pretrain_25521_fry_cuda_5d_notebooklike\\scaler_bundle.json",
  "data": "C:\\Users\\Lanto\\Desktop\\AI_ML R-SIDIS\\SHMS_Calibration_NN\\dataset\\stage2_25521_labeled_mech25x16p4_tol3_directgrid_max80_eqholeweight.csv",
  "device": "cuda",
  "dataset_summary": {
    "raw_events": 122133,
    "kept_events": 122133,
    "cutflow": {
      "raw": 122133,
      "finite": 122133,
      "pid": 122133,
      "quality": 122133
    }
  },
  "focus_foil": 1,
  "summaries": [
    {
      "slice": "all",
      "n_events": 122133,
      "center_mean": -1.6188090032996816,
      "center_std": 7.894051110580132,
      "tol_mean": 0.0,
      "tol_std": 0.0,
      "nn_mean": -0.8548346633893549,
      "nn_std": 6.672766506554582,
      "nn_sigma68": 2.126042042050554,
      "nn_rmse_to_center": 2.2849058705716856,
      "nn_mae_to_center": 1.7897248155879424,
      "nn_bias_to_center": 0.7639743399103262,
      "nn_within_tol": 0.0,
      "root_mean": -1.9891142978524468,
      "root_std": 8.002576907746741,
      "root_sigma68": 1.8238874592294345,
      "root_rmse_to_center": 1.9143510290283097,
      "root_mae_to_center": 1.487835904559902,
      "root_bias_to_center": -0.3703052945527652,
      "root_within_tol": 0.0,
      "rmse_improvement_pct": -19.356682025629485,
      "sigma68_improvement_pct": -16.56651463291356
    },
    {
      "slice": "foil0",
      "n_events": 29769,
      "center_mean": 10.0,
      "center_std": 0.0,
      "tol_mean": 0.0,
      "tol_std": 0.0,
      "nn_mean": 8.824499510668062,
      "nn_std": 1.085820856509707,
      "nn_sigma68": 0.939524354901553,
      "nn_rmse_to_center": 1.6002525840788682,
      "nn_mae_to_center": 1.3152633846424562,
      "nn_bias_to_center": -1.1755004893319358,
      "nn_within_tol": 0.0,
      "root_mean": 9.451667337855563,
      "root_std": 1.4601794473395395,
      "root_sigma68": 1.5232967236037147,
      "root_rmse_to_center": 1.5597412371310855,
      "root_mae_to_center": 1.2245677790151424,
      "root_bias_to_center": -0.5483326621444378,
      "root_within_tol": 0.0,
      "rmse_improvement_pct": -2.5973120401879837,
      "sigma68_improvement_pct": 38.322958334808966
    },
    {
      "slice": "foil1",
      "n_events": 42824,
      "center_mean": 0.0,
      "center_std": 0.0,
      "tol_mean": 0.0,
      "tol_std": 0.0,
      "nn_mean": 0.26230155800204175,
      "nn_std": 1.8061154473301786,
      "nn_sigma68": 1.6569642439419918,
      "nn_rmse_to_center": 1.8250630445042137,
      "nn_mae_to_center": 1.3588177407277768,
      "nn_bias_to_center": 0.26230155800204175,
      "nn_within_tol": 0.0,
      "root_mean": -0.37981753956609554,
      "root_std": 1.6844974652015114,
      "root_sigma68": 1.737384291497043,
      "root_rmse_to_center": 1.7267869218963756,
      "root_mae_to_center": 1.3792964959729368,
      "root_bias_to_center": -0.37981753956609554,
      "root_within_tol": 0.0,
      "rmse_improvement_pct": -5.691270958892267,
      "sigma68_improvement_pct": 4.628800199739117
    },
    {
      "slice": "foil2",
      "n_events": 49540,
      "center_mean": -10.0,
      "center_std": 0.0,
      "tol_mean": 0.0,
      "tol_std": 0.0,
      "nn_mean": -7.636916628919846,
      "nn_std": 1.6937431294289529,
      "nn_sigma68": 1.5928085788992932,
      "nn_rmse_to_center": 2.9073920972519907,
      "nn_mae_to_center": 2.4473228557903632,
      "nn_bias_to_center": 2.363083371080154,
      "nn_within_tol": 0.0,
      "root_mean": -10.255104465196943,
      "root_std": 2.2204302500646036,
      "root_sigma68": 2.189290448224355,
      "root_rmse_to_center": 2.235036640318314,
      "root_mae_to_center": 1.7398609441777892,
      "root_bias_to_center": -0.25510446519694446,
      "root_within_tol": 0.0,
      "rmse_improvement_pct": -30.08252503806469,
      "sigma68_improvement_pct": 27.24544245871279
    }
  ],
  "artifacts": {
    "distribution_plot": "C:\\Users\\Lanto\\Desktop\\AI_ML R-SIDIS\\SHMS_Calibration_NN\\outputs\\stage2_ytar_analysis_mech25x16p4_tol3_directgrid_max80_eqholeweight_bs4096_fullnoytar_allfoils_general_cuda\\ytar_distribution_by_foil.png",
    "focus_plot": "C:\\Users\\Lanto\\Desktop\\AI_ML R-SIDIS\\SHMS_Calibration_NN\\outputs\\stage2_ytar_analysis_mech25x16p4_tol3_directgrid_max80_eqholeweight_bs4096_fullnoytar_allfoils_general_cuda\\ytar_foil1_focus.png",
    "summary_csv": "C:\\Users\\Lanto\\Desktop\\AI_ML R-SIDIS\\SHMS_Calibration_NN\\outputs\\stage2_ytar_analysis_mech25x16p4_tol3_directgrid_max80_eqholeweight_bs4096_fullnoytar_allfoils_general_cuda\\ytar_distribution_summary.csv"
  }
}