{
  "checkpoint": "C:\\Users\\Lanto\\Desktop\\AI_ML R-SIDIS\\SHMS_Calibration_NN\\checkpoints\\stage2_transport_fullroot_25521_mech25x16p4_tol3_nearest_hole_match_general_cuda\\best_finetune.pth",
  "checkpoint_epoch": 21,
  "checkpoint_val_loss": 0.015586122628228716,
  "scaler_bundle": "C:\\Users\\Lanto\\Desktop\\AI_ML R-SIDIS\\SHMS_Calibration_NN\\checkpoints\\pretrain_25521_fry_cuda_5d_notebooklike\\scaler_bundle.json",
  "data": "C:\\Users\\Lanto\\Desktop\\AI_ML R-SIDIS\\SHMS_Calibration_NN\\dataset\\stage2_25521_labeled_mech25x16p4_tol3.csv",
  "device": "cuda",
  "dataset_summary": {
    "raw_events": 105223,
    "kept_events": 105223,
    "cutflow": {
      "raw": 105223,
      "finite": 105223,
      "pid": 105223,
      "quality": 105223
    }
  },
  "focus_foil": 1,
  "summaries": [
    {
      "slice": "all",
      "n_events": 105223,
      "center_mean": -1.3275614646987826,
      "center_std": 7.9471880322700486,
      "tol_mean": 0.0,
      "tol_std": 0.0,
      "nn_mean": -1.8360478630213646,
      "nn_std": 7.929020346155188,
      "nn_sigma68": 1.4939820394308878,
      "nn_rmse_to_center": 1.9971630608679514,
      "nn_mae_to_center": 1.355071610327476,
      "nn_bias_to_center": -0.5084863983225816,
      "nn_within_tol": 0.0,
      "root_mean": -1.713549092789429,
      "root_std": 8.06829961142192,
      "root_sigma68": 1.701747649277804,
      "root_rmse_to_center": 1.832444154571017,
      "root_mae_to_center": 1.4104286095859206,
      "root_bias_to_center": -0.38598762809064635,
      "root_within_tol": 0.0,
      "rmse_improvement_pct": -8.989027353769245,
      "sigma68_improvement_pct": 12.208955301632933
    },
    {
      "slice": "foil0",
      "n_events": 27171,
      "center_mean": 10.0,
      "center_std": 0.0,
      "tol_mean": 0.0,
      "tol_std": 0.0,
      "nn_mean": 9.750729300986743,
      "nn_std": 1.7028154681951415,
      "nn_sigma68": 1.418396989863699,
      "nn_rmse_to_center": 1.7209637997677922,
      "nn_mae_to_center": 1.2068876512688516,
      "nn_bias_to_center": -0.24927069901325738,
      "nn_within_tol": 0.0,
      "root_mean": 9.486001005765553,
      "root_std": 1.4205693782748772,
      "root_sigma68": 1.4649083362101443,
      "root_rmse_to_center": 1.5106992833010462,
      "root_mae_to_center": 1.1816142729025654,
      "root_bias_to_center": -0.5139989942344478,
      "root_within_tol": 0.0,
      "rmse_improvement_pct": -13.918356802771141,
      "sigma68_improvement_pct": 3.1750345872680676
    },
    {
      "slice": "foil1",
      "n_events": 36912,
      "center_mean": 0.0,
      "center_std": 0.0,
      "tol_mean": 0.0,
      "tol_std": 0.0,
      "nn_mean": -1.4628757403365422,
      "nn_std": 2.2535842289956114,
      "nn_sigma68": 2.046834193029006,
      "nn_rmse_to_center": 2.6867540469575792,
      "nn_mae_to_center": 2.0159938251797285,
      "nn_bias_to_center": -1.4628757403365422,
      "nn_within_tol": 0.0,
      "root_mean": -0.3784312685248123,
      "root_std": 1.6249104178580513,
      "root_sigma68": 1.636537534428107,
      "root_rmse_to_center": 1.6683956638222617,
      "root_mae_to_center": 1.3206184204492426,
      "root_bias_to_center": -0.3784312685248123,
      "root_within_tol": 0.0,
      "rmse_improvement_pct": -61.038182082197366,
      "sigma68_improvement_pct": -25.071020368883783
    },
    {
      "slice": "foil2",
      "n_events": 41140,
      "center_mean": -10.0,
      "center_std": 0.0,
      "tol_mean": 0.0,
      "tol_std": 0.0,
      "nn_mean": -9.823380184747334,
      "nn_std": 1.3182090347422935,
      "nn_sigma68": 0.982819433658808,
      "nn_rmse_to_center": 1.329988578302872,
      "nn_mae_to_center": 0.8599414585762744,
      "nn_bias_to_center": 0.17661981525266576,
      "nn_within_tol": 0.0,
      "root_mean": -10.308222035353673,
      "root_std": 2.1186184876207004,
      "root_sigma68": 2.006249130616059,
      "root_rmse_to_center": 2.1409215583868977,
      "root_mae_to_center": 1.6421298260039208,
      "root_bias_to_center": -0.30822203535367093,
      "root_within_tol": 0.0,
      "rmse_improvement_pct": 37.87775301282092,
      "sigma68_improvement_pct": 51.01209422794796
    }
  ],
  "artifacts": {
    "distribution_plot": "C:\\Users\\Lanto\\Desktop\\AI_ML R-SIDIS\\SHMS_Calibration_NN\\outputs\\stage2_ytar_analysis_mech25x16p4_tol3_nearest_hole_match_general_cuda\\ytar_distribution_by_foil.png",
    "focus_plot": "C:\\Users\\Lanto\\Desktop\\AI_ML R-SIDIS\\SHMS_Calibration_NN\\outputs\\stage2_ytar_analysis_mech25x16p4_tol3_nearest_hole_match_general_cuda\\ytar_foil1_focus.png",
    "summary_csv": "C:\\Users\\Lanto\\Desktop\\AI_ML R-SIDIS\\SHMS_Calibration_NN\\outputs\\stage2_ytar_analysis_mech25x16p4_tol3_nearest_hole_match_general_cuda\\ytar_distribution_summary.csv"
  }
}