{
  "root_file": "/Users/zhengxiaoyang/Desktop/AI_ML R-SIDIS/mc-single-arm/worksim/shms_nn_train_3gev15deg.root",
  "tree_name": "h10",
  "target_mode": "all",
  "feature_names": [
    "x_fp",
    "y_fp",
    "xp_fp",
    "yp_fp",
    "x_tar",
    "p0"
  ],
  "target_names": [
    "delta",
    "xptar",
    "yptar",
    "ytar"
  ],
  "train_fractions": [
    0.02,
    0.05,
    0.1
  ],
  "max_events": 100000,
  "val_fraction": 0.2,
  "epochs": 40,
  "batch_size": 2048,
  "lr": 0.001,
  "prefix": "ps",
  "metrics": [
    {
      "train_fraction": 0.02,
      "n_train": 1600,
      "n_val": 20000,
      "rmse": [
        12.60173225402832,
        0.028213562443852425,
        0.03203165531158447,
        0.5820940732955933
      ],
      "mae": [
        10.040548324584961,
        0.023383138701319695,
        0.02535485289990902,
        0.5015581846237183
      ]
    },
    {
      "train_fraction": 0.05,
      "n_train": 4000,
      "n_val": 20000,
      "rmse": [
        12.524913787841797,
        0.028264040127396584,
        0.031753841787576675,
        0.577142059803009
      ],
      "mae": [
        10.001508712768555,
        0.02275489829480648,
        0.025473833084106445,
        0.49828848242759705
      ]
    },
    {
      "train_fraction": 0.1,
      "n_train": 8000,
      "n_val": 20000,
      "rmse": [
        12.496617317199707,
        0.028233371675014496,
        0.03170449659228325,
        0.5771681070327759
      ],
      "mae": [
        10.027251243591309,
        0.022610576823353767,
        0.02542351558804512,
        0.4983850121498108
      ]
    }
  ]
}